,species,decimalLatitude,decimalLongitude
521,Annona glabra,24.6694,-81.3542
1747,Pinus elliottii,24.6694,-81.3542
1722,Pinus elliottii,24.67217,-81.356075
1707,Pinus elliottii,24.678348,-81.359362
1710,Pinus elliottii,24.689519,-81.369423
1737,Pinus elliottii,24.699897,-81.37985
1704,Pinus elliottii,24.7,-81.366667
520,Annona glabra,24.703363,-81.379272
1735,Pinus elliottii,24.705523,-81.38048
519,Annona glabra,24.705603,-81.380438
1705,Pinus elliottii,24.705628,-81.383456
1745,Pinus elliottii,24.705631,-81.380226
1701,Pinus elliottii,24.70564,-81.381276
1738,Pinus elliottii,24.705686,-81.380142
1723,Pinus elliottii,24.705729,-81.380123
1724,Pinus elliottii,24.705901,-81.379651
1748,Pinus elliottii,24.705925,-81.380097
1746,Pinus elliottii,24.705942,-81.38008
1739,Pinus elliottii,24.705962,-81.380142
1711,Pinus elliottii,24.70602,-81.380325
1712,Pinus elliottii,24.706028,-81.380031
1734,Pinus elliottii,24.706092,-81.380143
1744,Pinus elliottii,24.706174,-81.379485
1714,Pinus elliottii,24.706202,-81.380448
1718,Pinus elliottii,24.707142,-81.380233
1706,Pinus elliottii,24.708149,-81.383291
1733,Pinus elliottii,24.708211,-81.384735
1725,Pinus elliottii,24.708495,-81.384842
1729,Pinus elliottii,24.708582,-81.385705
1743,Pinus elliottii,24.708947,-81.383095
1717,Pinus elliottii,24.709055,-81.382728
1731,Pinus elliottii,24.709094,-81.38504
1741,Pinus elliottii,24.709146,-81.382542
1713,Pinus elliottii,24.709178,-81.383867
1732,Pinus elliottii,24.709217,-81.383912
1720,Pinus elliottii,24.709288,-81.383117
1708,Pinus elliottii,24.709303,-81.383129
1703,Pinus elliottii,24.709323,-81.3824
1709,Pinus elliottii,24.709332,-81.382513
1730,Pinus elliottii,24.711321,-81.382985
1736,Pinus elliottii,24.712204,-81.383282
1726,Pinus elliottii,24.712916,-81.383506
1719,Pinus elliottii,24.713537,-81.386063
1697,Persea borbonia,24.741747,-80.99527
835,Diospyros virginiana,24.819859,-80.821734
518,Annona glabra,26,-80.29
1749,Pinus elliottii,27,-80.150002
2501,Triadica sebifera,28.208508,-82.752029
827,Diospyros virginiana,28.290596,-82.716433
1715,Pinus elliottii,28.549182,-80.65813
2494,Triadica sebifera,29.00155,-95.315678
2369,Salix nigra,29.002222,-95.316294
1727,Pinus elliottii,29.003531,-80.883903
2272,Quercus virginiana,29.004247,-95.316767
1425,Liquidambar styraciflua,29.004383,-80.940483
792,Diospyros virginiana,29.012844,-80.973891
2271,Quercus virginiana,29.013253,-95.328769
1487,Magnolia grandiflora,29.014676,-80.993448
2500,Triadica sebifera,29.018939,-80.94825
1486,Magnolia grandiflora,29.020193,-80.924532
2503,Triadica sebifera,29.020283,-80.951942
2287,Quercus virginiana,29.020988,-80.889545
2801,Ulmus alata,29.024167,-80.890166
2291,Quercus virginiana,29.025767,-80.927211
1495,Magnolia grandiflora,29.025819,-80.926998
2528,Triadica sebifera,29.036674,-80.929232
753,Celtis laevigata,29.037632,-80.919884
1689,Persea borbonia,29.046346,-80.903019
1684,Persea borbonia,29.046805,-80.901321
2526,Triadica sebifera,29.057064,-95.228795
2513,Triadica sebifera,29.059612,-95.27137
748,Celtis laevigata,29.06068,-95.259877
2031,Quercus nigra,29.062015,-95.268808
2019,Quercus nigra,29.062122,-95.268653
2244,Quercus virginiana,29.062342,-95.268505
755,Celtis laevigata,29.062358,-95.26883
2524,Triadica sebifera,29.062555,-95.268715
2527,Triadica sebifera,29.062727,-95.268467
2005,Quercus nigra,29.062802,-95.268531
1322,Ilex opaca,29.063417,-80.993774
1323,Ilex opaca,29.063643,-80.995064
2508,Triadica sebifera,29.064907,-95.319848
1692,Persea borbonia,29.064944,-80.911407
2264,Quercus virginiana,29.065231,-80.912605
1700,Pinus clausa,29.066603,-80.983925
228,Acer rubrum,29.067647,-80.989862
1751,Pinus serotina,29.067761,-80.984497
791,Diospyros virginiana,29.068314,-80.984842
749,Celtis laevigata,29.068331,-95.24553
1311,Ilex opaca,29.06935,-80.989005
1498,Magnolia grandiflora,29.069635,-80.984461
1502,Magnolia grandiflora,29.069989,-80.991829
1303,Ilex opaca,29.070705,-80.988851
1691,Persea borbonia,29.070793,-80.988887
1489,Magnolia grandiflora,29.070825,-80.989495
1503,Magnolia grandiflora,29.070889,-80.989655
1485,Magnolia grandiflora,29.070898,-80.98893
1494,Magnolia grandiflora,29.0709,-80.989792
1264,Ilex opaca,29.07102,-80.988905
1291,Ilex opaca,29.071056,-80.989388
1500,Magnolia grandiflora,29.071109,-80.962335
1488,Magnolia grandiflora,29.0712,-80.989525
2283,Quercus virginiana,29.071342,-80.985755
1282,Ilex opaca,29.072179,-80.999362
730,Carya glabra,29.072384,-80.989422
1490,Magnolia grandiflora,29.072428,-80.988822
1742,Pinus elliottii,29.073633,-80.961433
1688,Persea borbonia,29.078067,-80.922683
2248,Quercus virginiana,29.078081,-80.922455
2266,Quercus virginiana,29.079992,-80.928108
733,Carya glabra,29.081376,-80.956243
1693,Persea borbonia,29.081887,-80.923221
1493,Magnolia grandiflora,29.092506,-80.972229
1273,Ilex opaca,29.092773,-80.973328
1507,Magnolia virginiana,29.093022,-80.973511
1501,Magnolia grandiflora,29.094345,-80.972345
750,Celtis laevigata,29.095133,-80.973534
1740,Pinus elliottii,29.10166,-80.972811
1721,Pinus elliottii,29.101678,-80.972563
2288,Quercus virginiana,29.114257,-80.949239
1694,Persea borbonia,29.115317,-80.948885
1698,Persea borbonia,29.116124,-80.950127
1690,Persea borbonia,29.116858,-80.94887
2254,Quercus virginiana,29.138316,-80.99561
2273,Quercus virginiana,29.142015,-80.986164
2522,Triadica sebifera,29.149627,-95.311004
2385,Taxodium distichum,29.157686,-80.998131
1492,Magnolia grandiflora,29.168968,-80.980582
2521,Triadica sebifera,29.170841,-95.260608
2498,Triadica sebifera,29.196583,-94.961428
2284,Quercus virginiana,29.196722,-94.961738
2035,Quercus nigra,29.19684,-94.96155
2512,Triadica sebifera,29.197378,-94.961228
2275,Quercus virginiana,29.1987,-94.956467
2267,Quercus virginiana,29.198817,-94.9562
2247,Quercus virginiana,29.198949,-94.956378
2270,Quercus virginiana,29.199657,-94.964431
2285,Quercus virginiana,29.199695,-94.964382
2268,Quercus virginiana,29.199892,-94.962075
2289,Quercus virginiana,29.200236,-94.961922
2259,Quercus virginiana,29.200247,-94.961975
2279,Quercus virginiana,29.200262,-94.961975
757,Celtis laevigata,29.20028,-94.96234
758,Celtis laevigata,29.200283,-94.962336
2296,Quercus virginiana,29.200305,-94.962043
747,Celtis laevigata,29.200325,-94.96228
2520,Triadica sebifera,29.200466,-94.955214
2499,Triadica sebifera,29.200717,-94.955017
2252,Quercus virginiana,29.20122,-94.96071
2531,Triadica sebifera,29.20327,-94.95985
2525,Triadica sebifera,29.203875,-94.963683
1780,Pinus taeda,29.203922,-94.954977
2372,Salix nigra,29.216418,-94.935413
2257,Quercus virginiana,29.216667,-94.941667
2519,Triadica sebifera,29.217033,-94.934902
2246,Quercus virginiana,29.217538,-94.933463
2373,Salix nigra,29.217713,-94.934738
2505,Triadica sebifera,29.217785,-94.93434
2393,Taxodium distichum,29.217824,-94.93429
2510,Triadica sebifera,29.217831,-94.935159
2278,Quercus virginiana,29.217852,-94.934312
1806,Platanus occidentalis,29.21795,-94.933888
2295,Quercus virginiana,29.217954,-94.934245
2263,Quercus virginiana,29.218045,-94.93415
2491,Triadica sebifera,29.218282,-94.933526
2281,Quercus virginiana,29.218522,-94.934387
1804,Platanus occidentalis,29.218575,-94.934087
1985,Quercus macrocarpa,29.218588,-94.934053
1969,Quercus macrocarpa,29.218591,-94.934071
1984,Quercus macrocarpa,29.2186,-94.934105
2277,Quercus virginiana,29.218947,-94.934355
2260,Quercus virginiana,29.219003,-94.934719
2245,Quercus virginiana,29.219343,-94.934668
1301,Ilex opaca,29.219398,-94.934605
2250,Quercus virginiana,29.21952,-94.934067
2504,Triadica sebifera,29.219638,-94.923613
2515,Triadica sebifera,29.22386,-94.927929
2517,Triadica sebifera,29.224008,-94.93505
2492,Triadica sebifera,29.224742,-94.927294
2506,Triadica sebifera,29.226683,-94.910408
2530,Triadica sebifera,29.231052,-94.922108
2507,Triadica sebifera,29.238161,-94.901837
2509,Triadica sebifera,29.262983,-95.182582
2370,Salix nigra,29.263235,-95.182824
2292,Quercus virginiana,29.27719,-94.844316
2836,Ulmus crassifolia,29.310328,-95.26825
2014,Quercus nigra,29.310969,-95.267286
1992,Quercus michauxii,29.311436,-95.26885
2824,Ulmus americana,29.311589,-95.265647
2043,Quercus pagoda,29.31221,-95.26604
1799,Pinus taeda,29.313333,-95.252222
2026,Quercus nigra,29.331719,-95.28479
2495,Triadica sebifera,29.3349,-94.9382
2516,Triadica sebifera,29.353219,-94.970125
1233,Fraxinus pennsylvanica,29.355129,-94.985245
793,Diospyros virginiana,29.357673,-94.98782
2497,Triadica sebifera,29.357673,-94.98782
2502,Triadica sebifera,29.365187,-94.988149
815,Diospyros virginiana,29.370903,-94.977028
2496,Triadica sebifera,29.372118,-94.95955
2392,Taxodium distichum,29.384514,-94.984055
1260,Gleditsia triacanthos,29.393652,-94.911187
1506,Magnolia grandiflora,29.394221,-94.953944
2493,Triadica sebifera,29.396526,-94.999242
2389,Taxodium distichum,29.417076,-94.973064
2368,Salix nigra,29.418138,-94.956748
751,Celtis laevigata,29.424003,-94.96025
2256,Quercus virginiana,29.424068,-94.958636
752,Celtis laevigata,29.424167,-94.960187
2529,Triadica sebifera,29.424409,-94.960432
754,Celtis laevigata,29.424778,-94.96066
2255,Quercus virginiana,29.425022,-94.958178
2514,Triadica sebifera,29.425226,-94.960585
812,Diospyros virginiana,29.42555,-94.956762
2251,Quercus virginiana,29.425567,-94.956313
2523,Triadica sebifera,29.431613,-94.943413
2518,Triadica sebifera,29.432731,-94.956015
2374,Salix nigra,29.502644,-94.981223
830,Diospyros virginiana,29.576927,-94.697704
2364,Sassafras albidum,29.650022,-94.638458
2315,Sassafras albidum,29.650278,-94.638611
2286,Quercus virginiana,29.660578,-94.651193
2233,Quercus shumardii,29.66691,-95.469934
2511,Triadica sebifera,29.822,-94.666788
2380,Taxodium distichum,29.822057,-94.66677
756,Celtis laevigata,29.887525,-93.399925
1389,Liquidambar styraciflua,29.973386,-95.333126
1702,Pinus elliottii,30.007952,-81.329842
1496,Magnolia grandiflora,30.009419,-81.330292
1298,Ilex opaca,30.011875,-81.331763
1390,Liquidambar styraciflua,30.013406,-81.332003
1491,Magnolia grandiflora,30.014259,-81.321255
271,Acer rubrum,30.014414,-81.332353
1686,Persea borbonia,30.019753,-81.322716
1505,Magnolia grandiflora,30.022182,-81.332745
1696,Persea borbonia,30.022236,-81.333113
1504,Magnolia grandiflora,30.022325,-81.333162
1497,Magnolia grandiflora,30.022439,-81.333038
732,Carya glabra,30.022594,-81.326228
836,Diospyros virginiana,30.022594,-81.326228
1324,Ilex opaca,30.022594,-81.326228
1387,Liquidambar styraciflua,30.022594,-81.326228
1499,Magnolia grandiflora,30.022594,-81.326228
1716,Pinus elliottii,30.022594,-81.326228
2261,Quercus virginiana,30.022675,-81.326195
1484,Magnolia grandiflora,30.022679,-81.333082
1290,Ilex opaca,30.023022,-81.333078
1687,Persea borbonia,30.027008,-81.324722
1695,Persea borbonia,30.027074,-81.325897
1685,Persea borbonia,30.0433,-81.3287
1999,Quercus minima,30.2076,-83.7358
1903,Prunus serotina,30.233989,-83.869194
1524,Magnolia virginiana,30.265131,-83.855256
1998,Quercus minima,30.2786,-83.6862
2007,Quercus nigra,30.286228,-83.844947
807,Diospyros virginiana,30.286339,-83.668503
1915,Quercus alba,30.286361,-83.823806
1936,Quercus alba,30.2864,-83.8238
1515,Magnolia virginiana,30.286519,-83.852342
1669,Oxydendrum arboreum,30.29386,-83.73983
1997,Quercus michauxii,30.29975,-83.74587
1529,Nyssa biflora,30.3,-83.86
724,Salix caroliniana,30.3,-83.7333
1750,Pinus glabra,30.300132,-83.763366
787,Diospyros virginiana,30.303055,-83.765808
823,Diospyros virginiana,30.303108,-83.766067
1406,Liquidambar styraciflua,30.30471,-83.771885
764,Chamaecyparis thyoides,30.65,-86.8667
1261,Gordonia lasianthus,30.666892,-82.333179
1525,Magnolia virginiana,30.666892,-82.333179
1530,Nyssa biflora,30.666892,-82.333179
1728,Pinus elliottii,30.666892,-82.333179
2381,Taxodium distichum,30.666892,-82.333179
1262,Gordonia lasianthus,30.666893,-82.333179
2017,Quercus nigra,30.666893,-82.333179
2375,Taxodium distichum,30.666893,-82.333179
2352,Sassafras albidum,31.988855,-80.99406
2290,Quercus virginiana,33.959677,-77.925764
2276,Quercus virginiana,33.972428,-77.918847
2262,Quercus virginiana,33.973037,-77.919337
1962,Quercus laevis,33.994107,-77.912579
1963,Quercus laevis,33.998541,-77.911482
2024,Quercus nigra,33.998541,-77.911482
1757,Pinus taeda,37.019387,-76.331611
1465,Liriodendron tulipifera,37.019656,-76.332085
1767,Pinus taeda,37.019659,-76.330338
2293,Quercus virginiana,37.020214,-76.332467
1769,Pinus taeda,37.020894,-76.33214
1456,Liriodendron tulipifera,37.021129,-76.330139
1773,Pinus taeda,37.021621,-76.333088
1764,Pinus taeda,37.021706,-76.333197
1778,Pinus taeda,37.021708,-76.332695
2253,Quercus virginiana,37.022177,-76.330039
2258,Quercus virginiana,37.022694,-76.333008
2274,Quercus virginiana,37.022933,-76.331995
2294,Quercus virginiana,37.022986,-76.330481
2280,Quercus virginiana,37.023133,-76.330371
2265,Quercus virginiana,37.023167,-76.331115
2044,Quercus phellos,37.023289,-76.330763
1753,Pinus taeda,37.023463,-76.332107
1788,Pinus taeda,37.0237,-76.331475
1419,Liquidambar styraciflua,37.025052,-76.325698
350,Acer saccharinum,37.036376,-76.320158
1805,Platanus occidentalis,37.04361,-76.311943
1328,Juglans cinerea,37.06,-76.31
2012,Quercus nigra,37.060379,-76.33118
778,Cornus florida,37.064907,-76.310923
1994,Quercus michauxii,37.069973,-76.322906
2821,Ulmus americana,37.073835,-76.329144
2040,Quercus pagoda,37.074045,-76.317519
798,Diospyros virginiana,37.078162,-76.329692
829,Diospyros virginiana,37.124125,-76.330907
1798,Pinus taeda,37.214115,-75.944596
1359,Juniperus virginiana,37.240406,-75.939565
1313,Ilex opaca,37.243612,-75.945435
1932,Quercus alba,37.24365,-75.946405
2027,Quercus nigra,37.243697,-75.947192
801,Diospyros virginiana,37.244085,-75.945642
1297,Ilex opaca,37.249167,-75.94477
2359,Sassafras albidum,37.249206,-75.944825
1673,Paulownia tomentosa,37.249727,-75.948195
244,Acer rubrum,37.25246,-75.948793
1431,Liquidambar styraciflua,37.252472,-75.948744
2023,Quercus nigra,37.252482,-75.94832
1861,Prunus serotina,37.25249,-75.948304
773,Cornus florida,37.252514,-75.948832
1339,Juniperus virginiana,37.252518,-75.948403
2325,Sassafras albidum,37.252519,-75.948859
1308,Ilex opaca,37.252581,-75.948804
760,Celtis occidentalis,37.266339,-75.975339
1516,Magnolia virginiana,37.266339,-75.975339
1699,Persea borbonia,37.266339,-75.975339
1762,Pinus taeda,37.266339,-75.975339
1346,Juniperus virginiana,37.283889,-75.970833
1794,Pinus taeda,37.288047,-75.925675
1435,Liquidambar styraciflua,37.288937,-75.923553
1397,Liquidambar styraciflua,37.289266,-75.923315
1356,Juniperus virginiana,37.289297,-75.923305
1449,Liriodendron tulipifera,37.290375,-75.964775
1868,Prunus serotina,37.290375,-75.964775
1348,Juniperus virginiana,37.290645,-75.925378
826,Diospyros virginiana,37.292149,-75.929293
2308,Sassafras albidum,37.29502,-75.932633
516,Ailanthus altissima,37.298857,-75.928962
2340,Sassafras albidum,37.29931,-75.920108
1416,Liquidambar styraciflua,37.299441,-75.920218
1287,Ilex opaca,37.29999,-75.920979
1326,Ilex opaca,37.300148,-75.921003
1285,Ilex opaca,37.30019,-75.921175
509,Ailanthus altissima,37.30093,-75.922135
512,Ailanthus altissima,37.301053,-75.922161
1430,Liquidambar styraciflua,37.301157,-75.922788
1407,Liquidambar styraciflua,37.301948,-75.931464
790,Diospyros virginiana,37.302234,-75.925114
1869,Prunus serotina,37.302243,-75.925349
1400,Liquidambar styraciflua,37.302263,-75.925567
1434,Liquidambar styraciflua,37.302358,-75.930843
804,Diospyros virginiana,37.302507,-75.931976
2377,Taxodium distichum,37.302775,-75.924018
513,Ailanthus altissima,37.302966,-75.933107
1428,Liquidambar styraciflua,37.30795,-75.952247
1813,Platanus occidentalis,37.333347,-76.550285
2329,Sassafras albidum,37.333519,-76.551872
557,Asimina triloba,37.33881,-76.553391
548,Asimina triloba,37.341097,-76.555978
528,Asimina triloba,37.341125,-76.475935
552,Asimina triloba,37.341465,-76.54467
560,Asimina triloba,37.34147,-76.555933
832,Diospyros virginiana,37.341785,-76.528122
2356,Sassafras albidum,37.350691,-76.547902
555,Asimina triloba,37.356888,-76.467667
1534,Nyssa sylvatica,37.358862,-76.56403
1522,Magnolia virginiana,37.361539,-76.521791
544,Asimina triloba,37.364925,-76.552024
1363,Juniperus virginiana,37.365563,-76.550532
2324,Sassafras albidum,37.365717,-76.550832
1413,Liquidambar styraciflua,37.365751,-76.550825
783,Cornus florida,37.365881,-76.550723
1269,Ilex opaca,37.365893,-76.551037
1810,Platanus occidentalis,37.366071,-76.550128
1461,Liriodendron tulipifera,37.366253,-76.551446
972,Fagus grandifolia,37.366325,-76.55096
1912,Quercus alba,37.366421,-76.551393
546,Asimina triloba,37.366489,-76.551227
1681,Paulownia tomentosa,37.366814,-76.551831
2282,Quercus virginiana,37.368575,-76.312728
2332,Sassafras albidum,37.36885,-76.31388
2330,Sassafras albidum,37.36885,-76.313797
1755,Pinus taeda,37.36897,-76.313172
2349,Sassafras albidum,37.369065,-76.58919
532,Asimina triloba,37.369707,-76.48239
1929,Quercus alba,37.37859,-76.584068
1108,Fagus grandifolia,37.379154,-76.587112
828,Diospyros virginiana,37.379233,-76.533642
1404,Liquidambar styraciflua,37.379505,-76.582077
558,Asimina triloba,37.383315,-76.540917
1476,Liriodendron tulipifera,37.384973,-76.445626
273,Acer rubrum,37.387112,-76.579346
1532,Nyssa sylvatica,37.388438,-76.277707
2317,Sassafras albidum,37.389448,-76.348131
563,Asimina triloba,37.391682,-76.548657
728,Castanea dentata,37.391857,-76.54902
2103,Quercus rubra,37.397079,-76.527145
562,Asimina triloba,37.398758,-76.46456
1514,Magnolia virginiana,37.39907,-76.46368
2335,Sassafras albidum,37.402805,-76.618591
539,Asimina triloba,37.406383,-76.522787
845,Fagus grandifolia,37.408017,-76.647788
2336,Sassafras albidum,37.408591,-76.647388
551,Asimina triloba,37.408664,-76.519588
1811,Platanus occidentalis,37.408737,-76.627731
782,Cornus florida,37.40907,-76.648055
1518,Magnolia virginiana,37.409313,-76.647737
744,Cercis canadensis,37.409503,-76.647955
1332,Juglans nigra,37.410275,-76.646988
1396,Liquidambar styraciflua,37.410394,-76.650827
974,Fagus grandifolia,37.411034,-76.643051
1521,Magnolia virginiana,37.411215,-76.648755
1995,Quercus michauxii,37.411755,-76.652276
1309,Ilex opaca,37.412287,-76.64563
1376,Liquidambar styraciflua,37.412327,-76.648003
797,Diospyros virginiana,37.412355,-76.645217
1334,Juglans nigra,37.412416,-76.651799
1314,Ilex opaca,37.412495,-76.648026
1921,Quercus alba,37.412573,-76.644147
1426,Liquidambar styraciflua,37.412582,-76.644158
1371,Liquidambar styraciflua,37.412647,-76.64495
1765,Pinus taeda,37.412743,-76.649743
2362,Sassafras albidum,37.412932,-76.647917
327,Acer rubrum,37.412952,-76.641533
765,Cornus florida,37.41307,-76.649286
1784,Pinus taeda,37.413237,-76.64431
2013,Quercus nigra,37.413321,-76.644144
779,Cornus florida,37.413362,-76.647605
1535,Nyssa sylvatica,37.41339,-76.644138
1087,Fagus grandifolia,37.413408,-76.643598
1961,Quercus falcata,37.413813,-76.64483
2081,Quercus rubra,37.413813,-76.64483
550,Asimina triloba,37.414,-76.653846
2361,Sassafras albidum,37.41417,-76.654094
1917,Quercus alba,37.414219,-76.653856
1284,Ilex opaca,37.414367,-76.643349
1470,Liriodendron tulipifera,37.414367,-76.643349
2249,Quercus virginiana,37.414682,-76.528486
948,Fagus grandifolia,37.414812,-76.580772
335,Acer rubrum,37.414867,-76.640733
301,Acer rubrum,37.414885,-76.640938
1760,Pinus taeda,37.414965,-76.640723
2318,Sassafras albidum,37.415007,-76.616871
1016,Fagus grandifolia,37.415166,-76.643066
1335,Juniperus virginiana,37.41524,-76.642997
1288,Ilex opaca,37.415289,-76.642893
1808,Platanus occidentalis,37.415375,-76.646633
2316,Sassafras albidum,37.415414,-76.580681
549,Asimina triloba,37.415576,-76.643223
553,Asimina triloba,37.415769,-76.641666
1300,Ilex opaca,37.416078,-76.641782
1415,Liquidambar styraciflua,37.416125,-76.641784
1964,Quercus laurifolia,37.416146,-76.641754
1421,Liquidambar styraciflua,37.416307,-76.645374
723,Carpinus caroliniana,37.4166,-76.645255
523,Asimina triloba,37.416977,-76.602552
1294,Ilex opaca,37.417103,-76.634956
1385,Liquidambar styraciflua,37.417103,-76.634956
1801,Pinus virginiana,37.417103,-76.634956
1454,Liriodendron tulipifera,37.41733,-76.645427
2309,Sassafras albidum,37.417476,-76.619263
2036,Quercus palustris,37.417566,-76.497889
1483,Liriodendron tulipifera,37.417994,-76.541549
559,Asimina triloba,37.418159,-76.556511
1955,Quercus falcata,37.420006,-76.529846
834,Diospyros virginiana,37.42021,-76.627733
1935,Quercus alba,37.42021,-76.627733
1996,Quercus michauxii,37.420338,-76.529585
1542,Nyssa sylvatica,37.42053,-76.530059
2311,Sassafras albidum,37.421111,-76.535833
1455,Liriodendron tulipifera,37.421243,-76.505607
2390,Taxodium distichum,37.421279,-76.484271
1677,Paulownia tomentosa,37.422248,-76.484281
774,Cornus florida,37.423991,-76.582848
1122,Fagus grandifolia,37.423991,-76.582848
1802,Pinus virginiana,37.428635,-76.566367
785,Diospyros virginiana,37.428895,-76.2629
237,Acer rubrum,37.434326,-76.286795
727,Carya cordiformis,37.436919,-76.532556
522,Asimina triloba,37.437214,-76.531847
540,Asimina triloba,37.437856,-76.576765
803,Diospyros virginiana,37.438543,-76.492102
529,Asimina triloba,37.439458,-76.532698
561,Asimina triloba,37.441006,-76.511131
1538,Nyssa sylvatica,37.442156,-76.35357
1517,Magnolia virginiana,37.442254,-76.353576
890,Fagus grandifolia,37.444304,-76.406335
1210,Fraxinus americana,37.444304,-76.406335
1448,Liriodendron tulipifera,37.444304,-76.406335
1527,Morus rubra,37.444304,-76.406335
2079,Quercus rubra,37.444304,-76.406335
2313,Sassafras albidum,37.447725,-76.483992
1672,Paulownia tomentosa,37.447779,-76.533423
2809,Ulmus americana,37.447779,-76.533423
531,Asimina triloba,37.447892,-76.483525
530,Asimina triloba,37.447969,-76.483422
535,Asimina triloba,37.448069,-76.483481
536,Asimina triloba,37.448172,-76.484014
1450,Liriodendron tulipifera,37.449007,-76.533434
527,Asimina triloba,37.449078,-76.532378
1167,Fagus grandifolia,37.449175,-76.614856
983,Fagus grandifolia,37.449929,-76.532912
987,Fagus grandifolia,37.45032,-76.528459
1293,Ilex opaca,37.45032,-76.528459
1374,Liquidambar styraciflua,37.45032,-76.528459
2054,Quercus phellos,37.450829,-76.324513
1414,Liquidambar styraciflua,37.452809,-76.5248
784,Diospyros virginiana,37.461517,-76.617302
1559,Ostrya virginiana,37.46368,-76.426659
1458,Liriodendron tulipifera,37.467362,-76.454933
1480,Liriodendron tulipifera,37.467446,-76.454722
800,Diospyros virginiana,37.470137,-76.319049
1812,Platanus occidentalis,37.470831,-76.559872
2337,Sassafras albidum,37.470962,-76.558901
776,Cornus florida,37.471021,-76.56005
1814,Platanus occidentalis,37.471046,-76.561074
554,Asimina triloba,37.471162,-76.561906
780,Cornus florida,37.471209,-76.560385
542,Asimina triloba,37.471613,-76.560738
545,Asimina triloba,37.47176,-76.560858
556,Asimina triloba,37.471965,-76.553271
2331,Sassafras albidum,37.471973,-76.562538
1475,Liriodendron tulipifera,37.472305,-76.548606
1316,Ilex opaca,37.496474,-76.569705
1423,Liquidambar styraciflua,37.499255,-76.351395
2342,Sassafras albidum,37.500747,-76.350363
2378,Taxodium distichum,37.50083,-76.34976
1667,Oxydendrum arboreum,37.502605,-76.464241
2383,Taxodium distichum,37.505468,-76.354138
741,Cercis canadensis,37.505804,-76.578569
1939,Quercus coccinea,37.532131,-76.62169
2310,Sassafras albidum,37.534462,-76.484425
777,Cornus florida,37.540596,-76.397295
1680,Paulownia tomentosa,37.54388,-76.39926
1519,Magnolia virginiana,37.547353,-76.61222
816,Diospyros virginiana,37.547372,-76.527047
817,Diospyros virginiana,37.547592,-76.4852
1682,Paulownia tomentosa,37.552322,-76.474005
2307,Sassafras albidum,37.57944,-76.457842
2376,Taxodium distichum,37.581,-76.608
905,Fagus grandifolia,37.581199,-76.608019
2391,Taxodium distichum,37.581561,-76.608209
2387,Taxodium distichum,37.58157,-76.608187
2388,Taxodium distichum,37.581591,-76.608207
2394,Taxodium distichum,37.581742,-76.608187
1289,Ilex opaca,37.58176,-76.608006
1420,Liquidambar styraciflua,37.581782,-76.608016
2269,Quercus virginiana,37.581813,-76.418607
2302,Sassafras albidum,37.581984,-76.606578
2350,Sassafras albidum,37.582002,-76.607124
547,Asimina triloba,37.582205,-76.607703
2305,Sassafras albidum,37.582272,-76.607772
541,Asimina triloba,37.582305,-76.607345
2006,Quercus nigra,37.582305,-76.607238
1993,Quercus michauxii,37.582522,-76.607522
2384,Taxodium distichum,37.583286,-76.606014
808,Diospyros virginiana,37.585,-76.488792
1860,Prunus serotina,37.585946,-76.443228
511,Ailanthus altissima,37.586567,-76.443345
538,Asimina triloba,37.590886,-76.576158
1367,Juniperus virginiana,37.592445,-76.503479
1800,Pinus virginiana,37.594437,-76.651497
2004,Quercus nigra,37.594445,-76.652108
796,Diospyros virginiana,37.596294,-76.664933
1523,Magnolia virginiana,37.596712,-76.654205
524,Asimina triloba,37.596881,-76.653639
526,Asimina triloba,37.596917,-76.65338
2800,Ulmus alata,37.597062,-76.650367
2382,Taxodium distichum,37.597908,-76.649513
2386,Taxodium distichum,37.601922,-76.6418
737,Cercis canadensis,37.602413,-76.642387
746,Cercis canadensis,37.602792,-76.642258
1174,Fagus grandifolia,37.6031,-76.642614
2300,Sassafras albidum,37.60322,-76.642401
1930,Quercus alba,37.603563,-76.642403
534,Asimina triloba,37.603787,-76.642533
525,Asimina triloba,37.60379,-76.562157
1088,Fagus grandifolia,37.604153,-76.562614
1678,Paulownia tomentosa,37.604315,-76.560921
1675,Paulownia tomentosa,37.604325,-76.56092
819,Diospyros virginiana,37.604355,-76.561037
1670,Paulownia tomentosa,37.60453,-76.561272
813,Diospyros virginiana,37.604857,-76.462957
533,Asimina triloba,37.604858,-76.561966
761,Celtis occidentalis,37.604988,-76.561303
517,Ailanthus altissima,37.605409,-76.498993
1064,Fagus grandifolia,37.605865,-76.562889
564,Asimina triloba,37.605896,-76.562904
1436,Liquidambar styraciflua,37.605927,-76.562851
1817,Platanus occidentalis,37.606208,-76.561562
1478,Liriodendron tulipifera,37.606476,-76.56176
1472,Liriodendron tulipifera,37.609192,-76.498087
772,Cornus florida,37.609213,-76.498633
1459,Liriodendron tulipifera,37.60947,-76.49855
1401,Liquidambar styraciflua,37.609558,-76.498463
1330,Juglans nigra,37.610408,-76.542558
1398,Liquidambar styraciflua,37.610655,-76.605556
1386,Liquidambar styraciflua,37.610665,-76.605327
543,Asimina triloba,37.611286,-76.550056
514,Ailanthus altissima,37.612903,-76.493417
2348,Sassafras albidum,37.626963,-76.568628
1991,Quercus michauxii,37.62738,-76.66468
1344,Juniperus virginiana,37.633529,-76.572693
2055,Quercus phellos,37.641296,-76.591278
770,Cornus florida,37.651251,-76.589487
1540,Nyssa sylvatica,37.659238,-76.581641
1270,Ilex opaca,37.666828,-77.809986
537,Asimina triloba,37.666918,-77.890031
1271,Ilex opaca,37.666933,-77.450536
833,Diospyros virginiana,37.676936,-75.836956
1277,Ilex opaca,37.676936,-75.836956
1391,Liquidambar styraciflua,37.676936,-75.836956
1791,Pinus taeda,37.676936,-75.836956
1473,Liriodendron tulipifera,37.677443,-75.673353
799,Diospyros virginiana,37.679299,-75.630581
2297,Sassafras albidum,37.685693,-75.70264
333,Acer rubrum,37.686138,-75.666486
1679,Paulownia tomentosa,37.686948,-75.65341
769,Cornus florida,37.687247,-75.650827
2346,Sassafras albidum,37.6873,-75.650784
743,Cercis canadensis,37.687334,-75.650698
1351,Juniperus virginiana,37.687351,-75.650527
1319,Ilex opaca,37.68747,-75.650569
740,Cercis canadensis,37.687523,-75.650559
736,Cercis canadensis,37.687534,-75.650537
768,Cornus florida,37.687534,-75.650537
1317,Ilex opaca,37.687534,-75.650537
1381,Liquidambar styraciflua,37.687534,-75.650537
1466,Liriodendron tulipifera,37.687534,-75.650537
1539,Nyssa sylvatica,37.687534,-75.650537
1777,Pinus taeda,37.687534,-75.650537
1925,Quercus alba,37.687534,-75.650537
2025,Quercus nigra,37.687534,-75.650537
2242,Quercus velutina,37.687534,-75.650537
2314,Sassafras albidum,37.687534,-75.650537
1676,Paulownia tomentosa,37.687608,-75.650205
2009,Quercus nigra,37.690575,-75.665485
1362,Juniperus virginiana,37.693197,-75.746
1333,Juglans nigra,37.698761,-75.751198
1408,Liquidambar styraciflua,37.70479,-75.789658
1923,Quercus alba,37.705128,-75.701906
1378,Liquidambar styraciflua,37.70655,-75.814758
2034,Quercus nigra,37.70655,-75.814719
1959,Quercus falcata,37.707383,-75.817589
2301,Sassafras albidum,37.707491,-75.752289
788,Diospyros virginiana,37.709011,-75.751442
2052,Quercus phellos,37.709481,-75.751774
2002,Quercus nigra,37.709503,-75.750916
1779,Pinus taeda,37.709623,-75.74963
1442,Liquidambar styraciflua,37.710636,-75.822328
1361,Juniperus virginiana,37.71101,-75.752342
1306,Ilex opaca,37.711144,-75.747597
1304,Ilex opaca,37.711273,-75.747299
2053,Quercus phellos,37.711285,-75.747307
2037,Quercus palustris,37.711629,-75.747344
2338,Sassafras albidum,37.711788,-75.748863
2048,Quercus phellos,37.711864,-75.750404
771,Cornus florida,37.712095,-75.747055
1295,Ilex opaca,37.712685,-75.770653
766,Cornus florida,37.712952,-75.770355
1331,Juglans nigra,37.71532,-75.752588
2363,Sassafras albidum,37.717406,-75.670715
1795,Pinus taeda,37.722037,-75.812167
1905,Prunus serotina,37.726722,-75.786443
1904,Prunus serotina,37.728211,-75.656719
1358,Juniperus virginiana,37.73873,-76.310888
1395,Liquidambar styraciflua,37.740775,-76.313359
1440,Liquidambar styraciflua,37.741683,-76.315067
1457,Liriodendron tulipifera,37.7432,-76.315008
337,Acer rubrum,37.747445,-75.671371
1842,Prunus serotina,37.74813,-75.670337
731,Carya glabra,37.748255,-75.670552
1347,Juniperus virginiana,37.748255,-75.670552
1424,Liquidambar styraciflua,37.748255,-75.670552
1781,Pinus taeda,37.748255,-75.670552
1876,Prunus serotina,37.748255,-75.670552
2298,Sassafras albidum,37.748255,-75.670552
1752,Pinus taeda,37.752889,-75.769783
1772,Pinus taeda,37.753958,-75.767853
2038,Quercus pagoda,37.75413,-75.773287
1377,Liquidambar styraciflua,37.754414,-75.765678
1338,Juniperus virginiana,37.754528,-75.773636
2041,Quercus pagoda,37.754628,-75.773475
1364,Juniperus virginiana,37.754628,-75.773247
1305,Ilex opaca,37.756489,-75.766839
2320,Sassafras albidum,37.764939,-75.756557
1278,Ilex opaca,37.768078,-75.575951
1274,Ilex opaca,37.76874,-76.321722
1340,Juniperus virginiana,37.769055,-76.321668
1412,Liquidambar styraciflua,37.769234,-75.574913
1380,Liquidambar styraciflua,37.769558,-75.574661
1315,Ilex opaca,37.770037,-76.32042
1366,Juniperus virginiana,37.770128,-75.574196
2371,Salix nigra,37.770175,-75.574027
786,Diospyros virginiana,37.770216,-75.575702
1839,Prunus serotina,37.770267,-75.574116
2047,Quercus phellos,37.770301,-75.574139
1296,Ilex opaca,37.770803,-75.569308
1902,Prunus serotina,37.771001,-75.570176
1354,Juniperus virginiana,37.771518,-75.563108
820,Diospyros virginiana,37.771748,-75.572647
1409,Liquidambar styraciflua,37.771976,-75.57196
1394,Liquidambar styraciflua,37.772083,-75.571952
2334,Sassafras albidum,37.772108,-75.571916
1439,Liquidambar styraciflua,37.772205,-75.571838
809,Diospyros virginiana,37.772263,-75.571806
1402,Liquidambar styraciflua,37.77268,-75.586243
1774,Pinus taeda,37.7729,-75.584326
2357,Sassafras albidum,37.773053,-75.583557
1265,Ilex opaca,37.77307,-75.584416
1914,Quercus alba,37.773706,-75.594378
2039,Quercus pagoda,37.778955,-76.312222
1370,Liquidambar styraciflua,37.782041,-75.596256
806,Diospyros virginiana,37.782968,-76.307295
1350,Juniperus virginiana,37.784325,-76.307308
814,Diospyros virginiana,37.784628,-76.307173
821,Diospyros virginiana,37.784664,-76.30712
1341,Juniperus virginiana,37.785936,-75.544365
831,Diospyros virginiana,37.793228,-76.312395
739,Cercis canadensis,37.793437,-76.31299
1312,Ilex opaca,37.793586,-76.312383
1683,Paulownia tomentosa,37.793793,-76.312649
1369,Liquidambar styraciflua,37.795403,-76.313561
1463,Liriodendron tulipifera,37.795424,-76.31376
1482,Liriodendron tulipifera,37.81175,-75.592587
1453,Liriodendron tulipifera,37.812049,-75.570499
1513,Magnolia virginiana,37.812049,-75.570499
2238,Quercus velutina,37.812049,-75.570499
1405,Liquidambar styraciflua,37.829808,-76.331383
1438,Liquidambar styraciflua,37.838531,-75.571349
2354,Sassafras albidum,37.841397,-75.529812
1411,Liquidambar styraciflua,37.841448,-75.529543
1353,Juniperus virginiana,37.843367,-75.661137
1793,Pinus taeda,37.843436,-75.661123
1467,Liriodendron tulipifera,37.846588,-76.307793
1841,Prunus serotina,37.84777,-75.69972
1268,Ilex opaca,37.85306,-75.47444
1373,Liquidambar styraciflua,37.85306,-75.47444
1531,Nyssa sylvatica,37.853365,-75.473263
2306,Sassafras albidum,37.863603,-76.295248
2312,Sassafras albidum,37.866578,-75.557092
1444,Liquidambar styraciflua,37.876125,-75.558428
1464,Liriodendron tulipifera,37.876925,-76.297106
1954,Quercus falcata,37.882998,-76.290537
1783,Pinus taeda,37.889938,-75.34468
775,Cornus florida,37.890801,-75.345486
1445,Liquidambar styraciflua,37.890801,-75.345486
1758,Pinus taeda,37.892026,-75.357049
1770,Pinus taeda,37.893514,-75.357769
2032,Quercus nigra,37.894897,-75.358749
2016,Quercus nigra,37.895012,-75.360772
2001,Quercus nigra,37.895172,-75.360612
2033,Quercus nigra,37.895179,-75.360802
2015,Quercus nigra,37.895262,-75.360655
2000,Quercus nigra,37.89542,-75.360419
2021,Quercus nigra,37.895523,-75.36053
2030,Quercus nigra,37.895604,-75.360427
2022,Quercus nigra,37.895638,-75.360438
1792,Pinus taeda,37.895808,-75.359933
1790,Pinus taeda,37.896564,-75.359052
2029,Quercus nigra,37.900464,-75.343178
2351,Sassafras albidum,37.901142,-75.354295
1775,Pinus taeda,37.901519,-75.339187
1785,Pinus taeda,37.901627,-75.347373
2333,Sassafras albidum,37.901875,-75.339942
1441,Liquidambar styraciflua,37.901934,-75.355534
1782,Pinus taeda,37.901934,-75.355534
2011,Quercus nigra,37.903333,-75.338787
1797,Pinus taeda,37.90371,-75.339475
1789,Pinus taeda,37.903997,-75.336825
1893,Prunus serotina,37.90485,-75.337151
1365,Juniperus virginiana,37.905161,-75.337499
1766,Pinus taeda,37.905322,-75.337762
1892,Prunus serotina,37.905338,-75.337967
1352,Juniperus virginiana,37.905338,-75.337905
2339,Sassafras albidum,37.905375,-75.338093
1355,Juniperus virginiana,37.905401,-75.337905
1776,Pinus taeda,37.907554,-75.334877
824,Diospyros virginiana,37.907932,-75.351101
1537,Nyssa sylvatica,37.90932,-75.527374
1787,Pinus taeda,37.909612,-75.348792
1379,Liquidambar styraciflua,37.909628,-75.34886
1310,Ilex opaca,37.909888,-75.349053
1325,Ilex opaca,37.909908,-75.349113
1437,Liquidambar styraciflua,37.910286,-75.349297
1280,Ilex opaca,37.91081,-75.348391
1429,Liquidambar styraciflua,37.911125,-75.347585
1337,Juniperus virginiana,37.911194,-75.347339
825,Diospyros virginiana,37.912005,-75.345275
1384,Liquidambar styraciflua,37.912138,-75.344938
268,Acer rubrum,37.9125,-75.3472
805,Diospyros virginiana,37.9125,-75.3472
1272,Ilex opaca,37.9125,-75.3472
1446,Liquidambar styraciflua,37.9125,-75.3472
1509,Magnolia virginiana,37.9125,-75.3472
1761,Pinus taeda,37.9125,-75.3472
1854,Prunus serotina,37.9125,-75.3472
1952,Quercus falcata,37.9125,-75.3472
2008,Quercus nigra,37.9125,-75.3472
2319,Sassafras albidum,37.9125,-75.3472
255,Acer rubrum,37.913049,-75.343951
810,Diospyros virginiana,37.913422,-75.341591
2020,Quercus nigra,37.913425,-75.341355
1960,Quercus falcata,37.913478,-75.341247
1318,Ilex opaca,37.914038,-75.3397
1368,Liquidambar styraciflua,37.915113,-75.481911
1474,Liriodendron tulipifera,37.915113,-75.481911
1263,Ilex opaca,37.91556,-75.481882
1399,Liquidambar styraciflua,37.91556,-75.481882
1460,Liriodendron tulipifera,37.91556,-75.481882
1671,Paulownia tomentosa,37.91556,-75.481882
811,Diospyros virginiana,37.915567,-75.336045
1382,Liquidambar styraciflua,37.915792,-75.481612
1427,Liquidambar styraciflua,37.915809,-75.481651
1336,Juniperus virginiana,37.919297,-75.474993
1803,Pinus virginiana,37.919297,-75.474993
1896,Prunus serotina,37.919297,-75.474993
1951,Quercus falcata,37.919297,-75.474993
2299,Sassafras albidum,37.919297,-75.474993
818,Diospyros virginiana,37.921211,-75.321487
1768,Pinus taeda,37.92359,-75.485497
1786,Pinus taeda,37.926462,-75.318995
781,Cornus florida,37.92727,-75.479918
767,Cornus florida,37.931063,-75.481799
1526,Morus rubra,37.932121,-75.483842
1510,Magnolia virginiana,37.932486,-75.484037
729,Carya glabra,37.932561,-75.482426
1447,Liriodendron tulipifera,37.932736,-75.484829
2046,Quercus phellos,37.933482,-75.625492
2076,Quercus rubra,37.93363,-75.48004
875,Fagus grandifolia,37.934389,-75.479908
336,Acer rubrum,37.934472,-75.481475
1508,Magnolia virginiana,37.934638,-75.482345
349,Acer saccharinum,37.935297,-75.498472
1674,Paulownia tomentosa,37.935342,-75.485537
1520,Magnolia virginiana,37.93552,-75.48147
2343,Sassafras albidum,37.935763,-75.480617
1481,Liriodendron tulipifera,37.936375,-75.484445
1357,Juniperus virginiana,37.936528,-75.482925
1422,Liquidambar styraciflua,37.936839,-75.479436
1345,Juniperus virginiana,37.937905,-75.313647
1796,Pinus taeda,37.939275,-75.315178
2003,Quercus nigra,37.94138,-75.31583
1275,Ilex opaca,37.942833,-75.539411
759,Celtis occidentalis,37.94577,-75.434891
241,Acer rubrum,37.947375,-75.504085
1432,Liquidambar styraciflua,37.947647,-75.504058
2344,Sassafras albidum,37.947647,-75.504058
2355,Sassafras albidum,37.947789,-75.504273
1292,Ilex opaca,37.94791,-75.504392
1321,Ilex opaca,37.947954,-75.504647
2018,Quercus nigra,37.948014,-75.504697
1451,Liriodendron tulipifera,37.948026,-75.504165
1468,Liriodendron tulipifera,37.948042,-75.503639
1471,Liriodendron tulipifera,37.948047,-75.504078
227,Acer rubrum,37.948061,-75.504881
1418,Liquidambar styraciflua,37.948073,-75.504127
1452,Liriodendron tulipifera,37.948073,-75.504127
2353,Sassafras albidum,37.948073,-75.504127
2347,Sassafras albidum,37.948097,-75.504603
1479,Liriodendron tulipifera,37.948116,-75.503975
1469,Liriodendron tulipifera,37.948197,-75.504106
1477,Liriodendron tulipifera,37.948347,-75.504164
2328,Sassafras albidum,37.948389,-75.504578
2358,Sassafras albidum,37.948508,-75.504708
2010,Quercus nigra,37.948618,-75.503161
1222,Fraxinus americana,37.949786,-75.501842
1410,Liquidambar styraciflua,37.950026,-75.504477
2367,Salix nigra,37.950812,-75.626422
1307,Ilex opaca,37.950946,-75.502926
1958,Quercus falcata,37.951127,-75.503096
1920,Quercus alba,37.951795,-75.501906
1957,Quercus falcata,37.951795,-75.501906
1926,Quercus alba,37.951872,-75.502356
1931,Quercus alba,37.951981,-75.501878
2050,Quercus phellos,37.952131,-75.501719
1286,Ilex opaca,37.952652,-75.50154
1924,Quercus alba,37.952652,-75.50154
1956,Quercus falcata,37.953041,-75.501395
1855,Prunus serotina,37.958246,-75.443292
802,Diospyros virginiana,37.959287,-75.445051
1511,Magnolia virginiana,37.965043,-75.583136
1763,Pinus taeda,37.965043,-75.583136
1512,Magnolia virginiana,37.96527,-75.609855
2366,Salix nigra,37.96527,-75.609855
1668,Oxydendrum arboreum,37.965348,-75.583308
2049,Quercus phellos,37.965348,-75.583308
1849,Prunus serotina,37.9732,-75.611015
789,Diospyros virginiana,37.9785,-75.295222
795,Diospyros virginiana,37.9785,-75.2952
2045,Quercus phellos,37.97888,-75.53111
1267,Ilex opaca,37.98215,-75.684569
1276,Ilex opaca,37.982161,-75.685067
243,Acer rubrum,37.9836,-75.2886
794,Diospyros virginiana,37.9836,-75.2886
1266,Ilex opaca,37.9836,-75.2886
1392,Liquidambar styraciflua,37.9836,-75.2886
1759,Pinus taeda,37.9836,-75.2886
2304,Sassafras albidum,37.9836,-75.2886
322,Acer rubrum,37.985014,-75.550115
1283,Ilex opaca,37.985248,-75.776451
1754,Pinus taeda,37.985248,-75.776451
1211,Fraxinus americana,37.985632,-75.550209
1990,Quercus michauxii,37.985632,-75.550209
1343,Juniperus virginiana,37.987242,-75.777679
1891,Prunus serotina,37.987265,-75.777619
1433,Liquidambar styraciflua,37.988692,-75.533519
1320,Ilex opaca,37.988797,-75.533747
1180,Fagus grandifolia,37.9888,-75.533781
1443,Liquidambar styraciflua,37.989672,-75.535053
2028,Quercus nigra,37.991331,-75.661319
1372,Liquidambar styraciflua,37.991572,-75.661597
762,Celtis occidentalis,37.992273,-75.561589
2239,Quercus velutina,37.992989,-75.56319
351,Acer saccharinum,37.993483,-75.839133
1388,Liquidambar styraciflua,37.993844,-75.839483
1533,Nyssa sylvatica,37.993906,-75.839069
2051,Quercus phellos,37.993931,-75.839097
2365,Salix nigra,37.994078,-75.839114
1302,Ilex opaca,37.994367,-75.732667
1771,Pinus taeda,37.994397,-75.728683
1383,Liquidambar styraciflua,37.994412,-75.728692
1417,Liquidambar styraciflua,37.994749,-75.458963
1462,Liriodendron tulipifera,37.994768,-75.458945
1349,Juniperus virginiana,37.995022,-75.731163
1279,Ilex opaca,37.995243,-75.842323
1375,Liquidambar styraciflua,37.997247,-75.835331
2042,Quercus pagoda,37.997311,-75.835142
1756,Pinus taeda,37.99759,-75.728392
1528,Morus rubra,37.997859,-75.566623
1953,Quercus falcata,37.997859,-75.566623
293,Acer rubrum,37.998172,-75.566525
2341,Sassafras albidum,37.998494,-75.567603
719,Carpinus caroliniana,37.999006,-75.568636
2379,Taxodium distichum,37.999194,-75.569097
722,Carpinus caroliniana,37.999208,-75.569106
822,Diospyros virginiana,37.999226,-75.279159
1816,Platanus occidentalis,37.99925,-75.568915
1281,Ilex opaca,37.999267,-75.569575
1809,Platanus occidentalis,37.999275,-75.569736
1299,Ilex opaca,37.999323,-75.569107
1815,Platanus occidentalis,37.999436,-75.569019
1403,Liquidambar styraciflua,37.999461,-75.569403
1393,Liquidambar styraciflua,39.328793,-74.995524
928,Fagus grandifolia,42.191368,-74.666898
254,Acer rubrum,42.26943,-72.666936
2327,Sassafras albidum,42.404888,-71.333083
2768,Tsuga canadensis,43.422953,-70.547117
391,Acer saccharum,44.001633,-86.468383
2407,Tilia americana,44.002933,-86.470617
1660,Ostrya virginiana,44.003033,-86.469617
1919,Quercus alba,44.01115,-86.471833
2797,Tsuga canadensis,44.02215,-86.471867
2587,Tsuga canadensis,44.022504,-86.45564
2241,Quercus velutina,44.024633,-86.47575
257,Acer rubrum,44.025067,-86.479433
1126,Fagus grandifolia,44.026858,-86.491897
230,Acer rubrum,44.027747,-86.414247
480,Acer saccharum,44.027857,-86.415247
2780,Tsuga canadensis,44.027872,-86.414581
1115,Fagus grandifolia,44.027896,-86.414568
2676,Tsuga canadensis,44.027916,-86.414941
1195,Fagus grandifolia,44.031883,-86.482917
1609,Ostrya virginiana,44.032092,-86.500258
609,Betula alleghaniensis,44.0327,-86.489533
2556,Tsuga canadensis,44.034798,-86.49302
684,Betula alleghaniensis,44.0353,-86.50058
2323,Sassafras albidum,44.035867,-86.5008
1832,Populus deltoides,44.03815,-86.494819
2635,Tsuga canadensis,44.03815,-86.494819
854,Fagus grandifolia,44.038152,-86.502563
2345,Sassafras albidum,44.038195,-86.502495
1027,Fagus grandifolia,44.038532,-86.501485
2237,Quercus velutina,44.038587,-86.492778
2573,Tsuga canadensis,44.038872,-86.501333
2539,Tsuga canadensis,44.039019,-86.503885
1000,Fagus grandifolia,44.040002,-86.441675
859,Fagus grandifolia,44.040146,-86.492375
2538,Tsuga canadensis,44.040665,-86.493195
2093,Quercus rubra,44.0409,-86.508767
2565,Tsuga canadensis,44.041288,-86.44062
953,Fagus grandifolia,44.041733,-86.50463
935,Fagus grandifolia,44.04264,-86.501016
1197,Fagus grandifolia,44.043697,-86.512664
1834,Populus deltoides,44.044326,-86.511523
1169,Fagus grandifolia,44.046112,-86.497002
1189,Fagus grandifolia,44.046756,-86.492333
1106,Fagus grandifolia,44.047889,-86.50402
1129,Fagus grandifolia,44.048172,-86.504088
2734,Tsuga canadensis,44.05409,-86.491008
1900,Prunus serotina,44.055518,-86.455017
958,Fagus grandifolia,44.057831,-86.488777
841,Fagus grandifolia,44.061836,-86.392777
2540,Tsuga canadensis,44.064108,-86.39334
1807,Platanus occidentalis,44.06703,-86.37175
2240,Quercus velutina,44.06775,-86.4857
1069,Fagus grandifolia,44.068855,-86.474627
940,Fagus grandifolia,44.075719,-86.372814
1536,Nyssa sylvatica,44.085829,-86.431095
976,Fagus grandifolia,44.086892,-86.440287
2578,Tsuga canadensis,44.086986,-86.446703
965,Fagus grandifolia,44.087274,-86.444865
2560,Tsuga canadensis,44.087274,-86.444865
896,Fagus grandifolia,44.089571,-86.379118
1160,Fagus grandifolia,44.090389,-86.450713
2762,Tsuga canadensis,44.090447,-86.450867
713,Betula alleghaniensis,44.09282,-86.45691
871,Fagus grandifolia,44.09282,-86.45691
1821,Populus deltoides,44.09282,-86.45691
1909,Prunus serotina,44.09282,-86.45691
1937,Quercus alba,44.09282,-86.45691
2243,Quercus velutina,44.09282,-86.45691
2423,Tilia americana,44.09282,-86.45691
1825,Populus deltoides,44.09285,-86.46843
1256,Fraxinus pennsylvanica,44.09409,-86.447317
235,Acer rubrum,44.099576,-86.425601
2360,Sassafras albidum,44.100803,-86.452417
2321,Sassafras albidum,44.102165,-86.450321
2326,Sassafras albidum,44.102801,-86.450547
1545,Ostrya virginiana,44.105225,-86.447578
2236,Quercus velutina,44.106725,-86.405088
2541,Tsuga canadensis,44.118311,-86.389324
1541,Nyssa sylvatica,44.11833,-86.35028
2633,Tsuga canadensis,44.121548,-86.426193
975,Fagus grandifolia,44.140491,-87.584534
2656,Tsuga canadensis,44.19719,-86.371119
2554,Tsuga canadensis,44.30038,-83.6602
1940,Quercus ellipsoidalis,44.31982,-83.60022
2234,Quercus velutina,44.31982,-83.60022
2460,Tilia americana,44.322653,-87.54666
1820,Populus deltoides,44.325489,-87.544739
1029,Fagus grandifolia,44.327298,-87.544855
2467,Tilia americana,44.327298,-87.544855
1941,Quercus ellipsoidalis,44.32836,-83.6031
2235,Quercus velutina,44.32836,-83.6031
348,Acer saccharinum,44.333184,-96.139996
1916,Quercus alba,44.630775,-93.333136
2165,Quercus rubra,44.666814,-85.523959
685,Betula alleghaniensis,44.666906,-85.524056
1546,Ostrya virginiana,44.666922,-85.524031
950,Fagus grandifolia,44.667912,-86.254105
2592,Tsuga canadensis,44.668325,-86.034653
2579,Tsuga canadensis,44.668378,-86.03451
2741,Tsuga canadensis,44.668461,-86.034735
725,Carya cordiformis,44.669025,-87.73313
735,Carya ovata,44.669025,-87.73313
1142,Fagus grandifolia,44.674011,-86.156114
1581,Ostrya virginiana,44.67993,-86.125813
2637,Tsuga canadensis,44.684325,-86.06045
442,Acer saccharum,44.685287,-86.241974
1632,Ostrya virginiana,44.685423,-86.061917
2674,Tsuga canadensis,44.686894,-86.140629
992,Fagus grandifolia,44.69189,-86.0691
445,Acer saccharum,44.691905,-86.069028
510,Ailanthus altissima,44.695623,-86.182143
1200,Fagus grandifolia,44.69563,-86.194523
898,Fagus grandifolia,44.698733,-86.083161
1360,Juniperus virginiana,44.699285,-93.333181
1871,Prunus serotina,44.699475,-86.084839
2569,Tsuga canadensis,44.699997,-86.085822
870,Fagus grandifolia,44.704011,-86.197813
997,Fagus grandifolia,44.70419,-86.184175
2571,Tsuga canadensis,44.705375,-86.186875
1933,Quercus alba,44.708702,-86.12572
2675,Tsuga canadensis,44.708742,-86.125285
869,Fagus grandifolia,44.709086,-86.198914
1553,Ostrya virginiana,44.711913,-86.192045
863,Fagus grandifolia,44.712067,-86.103798
2188,Quercus rubra,44.714176,-86.072388
2191,Quercus rubra,44.718197,-86.114006
853,Fagus grandifolia,44.718362,-86.112454
275,Acer rubrum,44.719944,-86.11625
1927,Quercus alba,44.720283,-86.1166
1913,Quercus alba,44.72124,-86.101293
2220,Quercus rubra,44.722101,-86.153659
2816,Ulmus americana,44.724153,-86.0752
2073,Quercus rubra,44.725995,-86.102185
1934,Quercus alba,44.727317,-86.099783
715,Betula alleghaniensis,44.729035,-86.065361
2151,Quercus rubra,44.730089,-86.103587
258,Acer rubrum,44.733106,-86.046535
1938,Quercus alba,44.737638,-86.06523
1166,Fagus grandifolia,44.74155,-86.066002
2174,Quercus rubra,44.742346,-86.066275
2731,Tsuga canadensis,44.743141,-84.666796
1859,Prunus serotina,44.757753,-86.073228
2057,Quercus rubra,44.758488,-86.076928
2781,Tsuga canadensis,44.759222,-86.073812
1856,Prunus serotina,44.75925,-86.075547
2735,Tsuga canadensis,44.759432,-86.073781
2618,Tsuga canadensis,44.759444,-86.073831
2770,Tsuga canadensis,44.759458,-86.073821
2713,Tsuga canadensis,44.75946,-86.073742
2716,Tsuga canadensis,44.75948,-86.07372
2755,Tsuga canadensis,44.759484,-86.073683
2723,Tsuga canadensis,44.759653,-86.07378
2112,Quercus rubra,44.763022,-86.07378
2069,Quercus rubra,44.763886,-86.074878
1102,Fagus grandifolia,44.764467,-86.074186
919,Fagus grandifolia,44.764481,-86.07429
2594,Tsuga canadensis,44.766666,-86.060909
2422,Tilia americana,44.76742,-86.043661
368,Acer saccharum,44.769188,-86.035808
1858,Prunus serotina,44.771697,-87.93828
2837,Ulmus rubra,44.772157,-86.07101
1877,Prunus serotina,44.786463,-86.005278
453,Acer saccharum,44.786499,-86.005231
378,Acer saccharum,44.786556,-86.005306
1071,Fagus grandifolia,44.786561,-86.005132
914,Fagus grandifolia,44.789415,-86.005699
1145,Fagus grandifolia,44.790786,-86.067633
991,Fagus grandifolia,44.791897,-87.316467
944,Fagus grandifolia,44.79202,-87.3163
575,Betula alleghaniensis,44.792171,-86.06095
1078,Fagus grandifolia,44.792174,-87.318263
654,Betula alleghaniensis,44.792761,-86.061183
1070,Fagus grandifolia,44.792761,-86.061183
2574,Tsuga canadensis,44.792761,-86.061183
2622,Tsuga canadensis,44.793447,-87.315454
1042,Fagus grandifolia,44.79902,-86.044769
878,Fagus grandifolia,44.799805,-86.062988
885,Fagus grandifolia,44.799947,-86.065869
959,Fagus grandifolia,44.799977,-86.061932
1148,Fagus grandifolia,44.800086,-86.063508
427,Acer saccharum,44.800925,-86.067191
2835,Ulmus americana,44.801243,-86.056145
2715,Tsuga canadensis,44.801468,-87.307773
2464,Tilia americana,44.801482,-86.069776
1564,Ostrya virginiana,44.80172,-86.068645
395,Acer saccharum,44.816692,-87.28944
1875,Prunus serotina,44.817412,-86.051327
1112,Fagus grandifolia,44.833773,-86.049755
1847,Prunus serotina,44.834738,-86.05919
915,Fagus grandifolia,44.83545,-86.06285
2322,Sassafras albidum,44.8386,-86.0065
1882,Prunus serotina,44.841356,-86.061417
2133,Quercus rubra,44.841462,-86.061211
2104,Quercus rubra,44.843108,-86.064033
408,Acer saccharum,44.84373,-86.064422
2059,Quercus rubra,44.843813,-86.061814
873,Fagus grandifolia,44.843863,-86.062705
990,Fagus grandifolia,44.8439,-86.0626
1077,Fagus grandifolia,44.8439,-86.062583
455,Acer saccharum,44.843903,-86.064461
2408,Tilia americana,44.844089,-86.064536
1183,Fagus grandifolia,44.849164,-86.035418
1844,Prunus serotina,44.849887,-86.030825
1624,Ostrya virginiana,44.850463,-86.06467
837,Fagus grandifolia,44.850742,-86.029358
2726,Tsuga canadensis,44.851291,-87.260809
1011,Fagus grandifolia,44.852013,-86.046019
1097,Fagus grandifolia,44.852787,-86.039978
1093,Fagus grandifolia,44.853038,-86.059686
1946,Quercus ellipsoidalis,44.855895,-87.875
1944,Quercus ellipsoidalis,44.856301,-87.874588
1661,Ostrya virginiana,44.856556,-86.065444
1571,Ostrya virginiana,44.8566,-86.065467
1556,Ostrya virginiana,44.856611,-86.065541
1647,Ostrya virginiana,44.85675,-86.06572
1640,Ostrya virginiana,44.857019,-86.065689
2401,Tilia americana,44.857128,-86.0661
1191,Fagus grandifolia,44.860951,-86.047564
1053,Fagus grandifolia,44.860953,-86.043039
1633,Ostrya virginiana,44.860962,-86.043107
2448,Tilia americana,44.861003,-86.043205
1151,Fagus grandifolia,44.861089,-86.043481
611,Betula alleghaniensis,44.872255,-87.24369
946,Fagus grandifolia,44.872255,-87.24369
1192,Fagus grandifolia,44.872567,-86.049459
839,Fagus grandifolia,44.872701,-86.049626
2773,Tsuga canadensis,44.872905,-86.011117
1128,Fagus grandifolia,44.872958,-86.049819
1627,Ostrya virginiana,44.873159,-86.050271
1582,Ostrya virginiana,44.873322,-86.050261
367,Acer saccharum,44.873479,-86.006507
1153,Fagus grandifolia,44.873815,-87.312961
880,Fagus grandifolia,44.87413,-86.008858
680,Betula alleghaniensis,44.875223,-87.209094
2465,Tilia americana,44.875538,-86.042137
1114,Fagus grandifolia,44.87585,-87.210983
2696,Tsuga canadensis,44.881017,-86.002778
1642,Ostrya virginiana,44.882428,-86.024334
2228,Quercus rubra,44.88503,-86.030346
1596,Ostrya virginiana,44.885769,-86.042592
921,Fagus grandifolia,44.886115,-87.284508
469,Acer saccharum,44.886548,-86.042975
2471,Tilia americana,44.886948,-86.043222
2661,Tsuga canadensis,44.887763,-86.007133
4,Acer pensylvanicum,44.88868,-86.005913
2830,Ulmus americana,44.88895,-86.042948
865,Fagus grandifolia,44.889595,-86.009931
2772,Tsuga canadensis,44.8902,-86.007195
1601,Ostrya virginiana,44.890761,-86.019325
2303,Sassafras albidum,44.890918,-86.034584
906,Fagus grandifolia,44.892022,-86.013511
1635,Ostrya virginiana,44.892241,-86.013774
2610,Tsuga canadensis,44.892267,-86.012751
236,Acer rubrum,44.893487,-86.008716
2614,Tsuga canadensis,44.893746,-86.007199
1251,Fraxinus pennsylvanica,44.894672,-87.267467
1587,Ostrya virginiana,44.8971,-87.217262
1918,Quercus alba,44.90033,-86.031274
1552,Ostrya virginiana,44.903477,-86.041758
1598,Ostrya virginiana,44.907283,-86.038361
1618,Ostrya virginiana,44.9073,-86.038392
397,Acer saccharum,44.929859,-87.24403
1579,Ostrya virginiana,44.929859,-87.24403
2825,Ulmus americana,44.957531,-87.240138
1977,Quercus macrocarpa,44.968494,-87.75058
2597,Tsuga canadensis,44.968899,-87.77215
1823,Populus deltoides,44.979996,-87.182848
862,Fagus grandifolia,44.995575,-87.330872
2609,Tsuga canadensis,44.99605,-87.332593
2602,Tsuga canadensis,44.996808,-87.331345
2721,Tsuga canadensis,44.997612,-87.315591
913,Fagus grandifolia,44.998347,-87.33245
120,Acer pensylvanicum,45.002257,-72.199613
304,Acer rubrum,45.002276,-72.465677
718,Betula populifolia,45.002327,-72.201129
1254,Fraxinus pennsylvanica,45.002483,-72.199996
1831,Populus deltoides,45.002797,-74.848539
651,Betula alleghaniensis,45.003556,-72.474208
2802,Ulmus americana,45.003567,-72.440903
697,Betula alleghaniensis,45.003695,-72.206784
2486,Tilia americana,45.004019,-72.466147
2605,Tsuga canadensis,45.004243,-72.587067
194,Acer pensylvanicum,45.004251,-72.587149
2180,Quercus rubra,45.004309,-73.059115
1028,Fagus grandifolia,45.004768,-72.206484
359,Acer saccharum,45.004844,-72.206271
726,Carya cordiformis,45.005062,-73.058889
2177,Quercus rubra,45.005305,-72.088519
1872,Prunus serotina,45.005703,-73.308617
980,Fagus grandifolia,45.006033,-72.481783
1123,Fagus grandifolia,45.006056,-72.480761
1226,Fraxinus americana,45.006783,-73.090308
2399,Tilia americana,45.006827,-73.090183
734,Carya ovata,45.006939,-73.091051
1655,Ostrya virginiana,45.007011,-73.089841
360,Acer saccharum,45.007061,-73.089799
1874,Prunus serotina,45.007126,-73.091217
2085,Quercus rubra,45.007135,-73.091207
2176,Quercus rubra,45.007183,-73.089781
857,Fagus grandifolia,45.007197,-73.0897
1836,Populus deltoides,45.007428,-73.089258
1833,Populus deltoides,45.007799,-73.0894
353,Acer saccharinum,45.007994,-73.091411
1,Acer negundo,45.009064,-73.213483
,,,
1599,Ostrya virginiana,45.01065,-73.090356
2826,Ulmus americana,45.012664,-73.084127
1597,Ostrya virginiana,45.013672,-73.079348
452,Acer saccharum,45.013812,-73.080482
,,,
,,,
,,,
,,,
,,,
,,,
,,,
,,,
,,,
,,,
,,,
,,,
,,,
,,,
,,,
,,,
,,,
,,,
,,,
1822,Populus deltoides,45.075837,-87.58163
,,,
,,,
,,,
,,,
,,,
,,,
1826,Populus deltoides,45.096748,-87.591278
1824,Populus deltoides,45.097317,-87.592216
,,,
,,,
,,,
,,,
,,,
,,,
,,,
,,,
,,,
,,,
,,,
,,,
,,,
,,,
,,,
,,,
2473,Tilia americana,45.136434,-87.599544
,,,
,,,
2604,Tsuga canadensis,45.139331,-87.598105
1829,Populus deltoides,45.139576,-87.597221
,,,
,,,
,,,
,,,
,,,
,,,
,,,
,,,
,,,
,,,
,,,
,,,
,,,
,,,
,,,
,,,
,,,
,,,
,,,
,,,
,,,
,,,
,,,
,,,
,,,
,,,
,,,
,,,
,,,
,,,
,,,
,,,
,,,
,,,
,,,
,,,
,,,
,,,
,,,
,,,
,,,
,,,
,,,
,,,
,,,
,,,
,,,
,,,
,,,
,,,
,,,
,,,
,,,
,,,
,,,
1329,Juglans cinerea,45.17992,-87.58085
,,,
,,,
,,,
,,,
,,,
,,,
,,,
,,,
,,,
1185,Fagus grandifolia,45.182208,-87.355388
1562,Ostrya virginiana,45.182208,-87.355388
1830,Populus deltoides,45.183839,-87.563464
,,,
,,,
1057,Fagus grandifolia,45.188564,-87.580818
,,,
,,,
,,,
572,Betula alleghaniensis,45.230106,-87.512001
,,,
2742,Tsuga canadensis,45.232475,-87.530914
,,,
,,,
,,,
,,,
,,,
,,,
,,,
,,,
,,,
,,,
,,,
,,,
,,,
,,,
,,,
,,,
,,,
,,,
,,,
,,,
,,,
,,,
,,,
,,,
,,,
,,,
,,,
,,,
,,,
,,,
,,,
,,,
,,,
,,,
,,,
,,,
,,,
,,,
,,,
,,,
,,,
2779,Tsuga canadensis,45.26628,-87.470706
860,Fagus grandifolia,45.266425,-87.470868
,,,
,,,
,,,
,,,
,,,
,,,
,,,
,,,
,,,
,,,
,,,
1818,Populus deltoides,45.281657,-87.460987
,,,
,,,
,,,
2483,Tilia americana,45.285736,-87.451454
,,,
,,,
2065,Quercus rubra,45.290726,-87.444727
,,,
2673,Tsuga canadensis,45.291307,-87.443495
2171,Quercus rubra,45.291363,-87.443611
2705,Tsuga canadensis,45.292001,-87.443774
,,,
,,,
2123,Quercus rubra,45.293972,-87.439336
,,,
2632,Tsuga canadensis,45.294158,-87.440556
2793,Tsuga canadensis,45.294541,-87.440086
,,,
,,,
,,,
,,,
,,,
,,,
1983,Quercus macrocarpa,45.303131,-92.666881
2420,Tilia americana,45.309288,-87.437721
1060,Fagus grandifolia,45.319163,-87.431125
1827,Populus deltoides,45.320826,-87.433086
2095,Quercus rubra,45.325981,-87.646243
721,Carpinus caroliniana,45.326061,-87.625794
2072,Quercus rubra,45.326061,-87.625794
2819,Ulmus americana,45.33306,-88.23829
763,Celtis occidentalis,45.333233,-93.921505
1342,Juniperus virginiana,45.393256,-92.666931
,,,
,,,
,,,
,,,
,,,
,,,
,,,
,,,
,,,
,,,
,,,
,,,
,,,
,,,
,,,
,,,
,,,
,,,
,,,
,,,
,,,
,,,
,,,
,,,
,,,
,,,
,,,
,,,
,,,
,,,
,,,
,,,
,,,
,,,
,,,
,,,
216,Acer pensylvanicum,46,-83.66667
1202,Fagus grandifolia,46,-83.66667
1063,Fagus grandifolia,46.013026,-83.709951
392,Acer saccharum,46.020224,-83.686702
2406,Tilia americana,46.020224,-83.686702
1662,Ostrya virginiana,46.020224,-83.686445
861,Fagus grandifolia,46.02046,-83.731569
187,Acer pensylvanicum,46.020545,-83.733123
1005,Fagus grandifolia,46.020545,-83.733123
11,Acer pensylvanicum,46.020636,-83.739588
2559,Tsuga canadensis,46.022554,-83.731601
214,Acer pensylvanicum,46.030311,-83.713462
1255,Fraxinus pennsylvanica,46.041862,-83.654713
1616,Ostrya virginiana,46.048372,-91.839419
2197,Quercus rubra,46.050781,-91.942935
443,Acer saccharum,46.059891,-83.756933
2794,Tsuga canadensis,46.078649,-83.665531
1943,Quercus ellipsoidalis,46.156703,-91.733409
1942,Quercus ellipsoidalis,46.1725,-91.795
1965,Quercus macrocarpa,46.176512,-91.98768
1980,Quercus macrocarpa,46.293767,-91.83158
1928,Quercus alba,46.302643,-91.828453
1986,Quercus macrocarpa,46.305582,-91.834071
671,Betula alleghaniensis,46.333058,-87.085294
1971,Quercus macrocarpa,46.33322,-94.38002
711,Betula alleghaniensis,46.333447,-86.797374
1094,Fagus grandifolia,46.333517,-86.796984
645,Betula alleghaniensis,46.333522,-86.797373
1156,Fagus grandifolia,46.333619,-86.79716
1591,Ostrya virginiana,46.333855,-95.666803
855,Fagus grandifolia,46.334092,-87.085211
1879,Prunus serotina,46.335124,-86.4837
1193,Fagus grandifolia,46.338748,-87.086387
2682,Tsuga canadensis,46.339696,-86.799526
1037,Fagus grandifolia,46.339757,-86.720618
1901,Prunus serotina,46.340188,-86.720442
852,Fagus grandifolia,46.340247,-86.798523
1862,Prunus serotina,46.34081,-86.799273
1851,Prunus serotina,46.341333,-86.788194
1837,Prunus serotina,46.344286,-86.657281
490,Acer saccharum,46.34778,-86.92889
265,Acer rubrum,46.347794,-84.863708
1045,Fagus grandifolia,46.348104,-86.656307
683,Betula alleghaniensis,46.348108,-86.658162
2160,Quercus rubra,46.349995,-84.865905
2186,Quercus rubra,46.350025,-84.865738
2161,Quercus rubra,46.350028,-84.865897
2140,Quercus rubra,46.350033,-84.865892
309,Acer rubrum,46.350666,-84.869596
2753,Tsuga canadensis,46.351868,-87.116251
1003,Fagus grandifolia,46.353178,-87.116539
1242,Fraxinus pennsylvanica,46.35367,-84.13542
1664,Ostrya virginiana,46.35367,-84.13542
2221,Quercus rubra,46.35367,-84.13542
2405,Tilia americana,46.35367,-84.13542
2591,Tsuga canadensis,46.35367,-84.13542
1130,Fagus grandifolia,46.354191,-87.116302
687,Betula alleghaniensis,46.354207,-87.116272
626,Betula alleghaniensis,46.354528,-87.220074
2552,Tsuga canadensis,46.354783,-87.116533
1004,Fagus grandifolia,46.354841,-87.116461
999,Fagus grandifolia,46.354853,-87.11766
484,Acer saccharum,46.35545,-87.116379
132,Acer pensylvanicum,46.355904,-84.135939
2063,Quercus rubra,46.355907,-84.877739
29,Acer pensylvanicum,46.359111,-84.138885
2203,Quercus rubra,46.359985,-84.784746
567,Betula alleghaniensis,46.360167,-87.301413
2803,Ulmus americana,46.36052,-84.428397
633,Betula alleghaniensis,46.366482,-86.925805
2817,Ulmus americana,46.368231,-86.375601
438,Acer saccharum,46.369373,-87.117462
1017,Fagus grandifolia,46.369899,-86.777887
661,Betula alleghaniensis,46.371431,-86.779535
1878,Prunus serotina,46.371457,-86.77954
2663,Tsuga canadensis,46.37422,-86.787391
1978,Quercus macrocarpa,46.374787,-84.40902
2804,Ulmus americana,46.375192,-84.41037
296,Acer rubrum,46.37588,-84.656058
618,Betula alleghaniensis,46.376488,-86.616378
412,Acer saccharum,46.383049,-87.068271
613,Betula alleghaniensis,46.383785,-87.06929
660,Betula alleghaniensis,46.38382,-87.06928
1621,Ostrya virginiana,46.383838,-87.068439
1890,Prunus serotina,46.384317,-86.89467
1079,Fagus grandifolia,46.388047,-86.647613
2606,Tsuga canadensis,46.388089,-86.647803
1022,Fagus grandifolia,46.388446,-86.648385
1089,Fagus grandifolia,46.388531,-86.648781
864,Fagus grandifolia,46.388655,-86.648995
2456,Tilia americana,46.390193,-87.032902
2765,Tsuga canadensis,46.390678,-87.06795
1594,Ostrya virginiana,46.391023,-87.067815
924,Fagus grandifolia,46.391577,-87.030382
2470,Tilia americana,46.391633,-87.069839
1104,Fagus grandifolia,46.391649,-87.031343
588,Betula alleghaniensis,46.391656,-87.030107
2795,Tsuga canadensis,46.39166,-87.03134
1051,Fagus grandifolia,46.391664,-87.031502
887,Fagus grandifolia,46.392255,-87.026657
2415,Tilia americana,46.392579,-87.034658
2576,Tsuga canadensis,46.392978,-86.647592
856,Fagus grandifolia,46.39308,-86.647987
2451,Tilia americana,46.393559,-87.018148
1176,Fagus grandifolia,46.393714,-87.018537
2481,Tilia americana,46.394087,-87.024444
2461,Tilia americana,46.394128,-87.036565
2476,Tilia americana,46.39419,-87.024243
2477,Tilia americana,46.394224,-87.037071
2428,Tilia americana,46.39443,-87.038175
708,Betula alleghaniensis,46.394457,-87.023594
706,Betula alleghaniensis,46.394607,-87.023271
441,Acer saccharum,46.394912,-87.023418
2429,Tilia americana,46.394926,-87.023357
652,Betula alleghaniensis,46.395239,-87.038642
643,Betula alleghaniensis,46.395503,-87.023196
2453,Tilia americana,46.395552,-87.022789
1544,Ostrya virginiana,46.395556,-87.023152
692,Betula alleghaniensis,46.395591,-87.038755
2441,Tilia americana,46.395598,-87.020967
635,Betula alleghaniensis,46.395599,-87.036482
657,Betula alleghaniensis,46.395608,-87.02106
2769,Tsuga canadensis,46.395659,-87.036445
2728,Tsuga canadensis,46.395779,-87.039574
2478,Tilia americana,46.395814,-87.03917
365,Acer saccharum,46.396242,-87.039479
646,Betula alleghaniensis,46.396243,-87.039478
2484,Tilia americana,46.396283,-87.040063
493,Acer saccharum,46.396469,-87.038384
960,Fagus grandifolia,46.396655,-87.039752
1035,Fagus grandifolia,46.396755,-87.039833
2396,Tilia americana,46.396923,-87.040108
2458,Tilia americana,46.397553,-87.023931
629,Betula alleghaniensis,46.397617,-87.025179
1543,Ostrya virginiana,46.397685,-87.02601
659,Betula alleghaniensis,46.397727,-87.021249
688,Betula alleghaniensis,46.397782,-87.018467
641,Betula alleghaniensis,46.397916,-87.021665
2650,Tsuga canadensis,46.397943,-87.019908
2586,Tsuga canadensis,46.398067,-87.021633
620,Betula alleghaniensis,46.398069,-87.022696
1622,Ostrya virginiana,46.39816,-87.021312
1666,Ostrya virginiana,46.398169,-87.040932
2738,Tsuga canadensis,46.398177,-87.019551
405,Acer saccharum,46.398594,-87.041145
2459,Tilia americana,46.39862,-87.063096
2432,Tilia americana,46.398621,-87.022848
2757,Tsuga canadensis,46.398635,-87.022839
1605,Ostrya virginiana,46.399013,-87.017505
1897,Prunus serotina,46.39917,-87.017282
468,Acer saccharum,46.399177,-87.036722
699,Betula alleghaniensis,46.399232,-87.017151
1032,Fagus grandifolia,46.399291,-87.036553
1894,Prunus serotina,46.400103,-87.015438
2400,Tilia americana,46.40137,-87.034972
701,Betula alleghaniensis,46.4017,-87.056003
332,Acer rubrum,46.402275,-84.589682
982,Fagus grandifolia,46.402812,-87.057757
372,Acer saccharum,46.402908,-87.057619
937,Fagus grandifolia,46.402974,-87.040391
1558,Ostrya virginiana,46.403334,-87.002669
284,Acer rubrum,46.40412,-84.572308
577,Betula alleghaniensis,46.405298,-84.572272
675,Betula alleghaniensis,46.407618,-84.278579
1014,Fagus grandifolia,46.409689,-86.797889
634,Betula alleghaniensis,46.410025,-86.789129
970,Fagus grandifolia,46.413757,-84.805916
361,Acer saccharum,46.413971,-84.805878
25,Acer pensylvanicum,46.414032,-84.805824
2751,Tsuga canadensis,46.414402,-84.279293
39,Acer pensylvanicum,46.416294,-84.559333
636,Betula alleghaniensis,46.42146,-86.743472
597,Betula alleghaniensis,46.422538,-86.797722
628,Betula alleghaniensis,46.422836,-86.741674
1653,Ostrya virginiana,46.422922,-86.743602
1881,Prunus serotina,46.423045,-86.743482
850,Fagus grandifolia,46.424853,-87.064399
664,Betula alleghaniensis,46.424901,-87.057053
2702,Tsuga canadensis,46.424995,-87.055465
418,Acer saccharum,46.426024,-87.066811
266,Acer rubrum,46.426895,-84.495737
978,Fagus grandifolia,46.427508,-84.944544
566,Betula alleghaniensis,46.427661,-87.055235
1103,Fagus grandifolia,46.427667,-87.055133
1105,Fagus grandifolia,46.429004,-87.055146
632,Betula alleghaniensis,46.429339,-87.052974
2580,Tsuga canadensis,46.429342,-87.053
492,Acer saccharum,46.43333,-84.21667
488,Acer saccharum,46.4342,-87.189688
245,Acer rubrum,46.439483,-84.82007
2438,Tilia americana,46.443152,-87.261433
423,Acer saccharum,46.445486,-84.837056
444,Acer saccharum,46.446478,-86.435426
383,Acer saccharum,46.446885,-86.886023
226,Acer rubrum,46.44883,-84.784378
957,Fagus grandifolia,46.452884,-86.793318
321,Acer rubrum,46.453647,-84.759362
313,Acer rubrum,46.453653,-84.759378
262,Acer rubrum,46.453778,-84.75933
286,Acer rubrum,46.4542,-84.75947
240,Acer rubrum,46.454388,-84.75947
1012,Fagus grandifolia,46.454513,-84.759513
280,Acer rubrum,46.454825,-84.759383
320,Acer rubrum,46.454863,-84.759278
329,Acer rubrum,46.45487,-84.759292
2196,Quercus rubra,46.454872,-84.759287
282,Acer rubrum,46.455333,-84.759963
994,Fagus grandifolia,46.455428,-84.761567
2134,Quercus rubra,46.455428,-84.761567
2077,Quercus rubra,46.455433,-84.761558
430,Acer saccharum,46.455464,-86.793494
1140,Fagus grandifolia,46.455504,-86.546042
292,Acer rubrum,46.455528,-84.75892
328,Acer rubrum,46.455597,-84.758758
324,Acer rubrum,46.455853,-84.760763
1043,Fagus grandifolia,46.456038,-86.428775
381,Acer saccharum,46.456636,-86.428795
2558,Tsuga canadensis,46.458002,-87.324711
2210,Quercus rubra,46.459483,-84.7489
88,Acer pensylvanicum,46.459678,-84.639783
2152,Quercus rubra,46.462538,-84.331884
2173,Quercus rubra,46.462741,-84.332182
34,Acer pensylvanicum,46.464489,-84.64255
637,Betula alleghaniensis,46.464577,-87.319498
2665,Tsuga canadensis,46.465394,-86.734001
450,Acer saccharum,46.465512,-86.734154
1040,Fagus grandifolia,46.465531,-86.734153
299,Acer rubrum,46.466273,-84.361763
345,Acer rubrum,46.466517,-84.954067
920,Fagus grandifolia,46.46701,-86.734856
300,Acer rubrum,46.467646,-84.642723
691,Betula alleghaniensis,46.467758,-86.735682
669,Betula alleghaniensis,46.467918,-87.223725
2564,Tsuga canadensis,46.468037,-87.222156
179,Acer pensylvanicum,46.468205,-84.641557
2068,Quercus rubra,46.468738,-84.640663
101,Acer pensylvanicum,46.46875,-84.640647
318,Acer rubrum,46.468753,-84.640638
2109,Quercus rubra,46.468763,-84.640617
2056,Quercus rubra,46.46877,-84.640555
285,Acer rubrum,46.468937,-84.64083
478,Acer saccharum,46.469342,-84.639763
2724,Tsuga canadensis,46.469503,-84.639405
242,Acer rubrum,46.469913,-84.640962
45,Acer pensylvanicum,46.470233,-84.6391
91,Acer pensylvanicum,46.470255,-84.640013
232,Acer rubrum,46.470262,-84.64003
2087,Quercus rubra,46.4703,-84.640062
203,Acer pensylvanicum,46.470372,-84.650008
272,Acer rubrum,46.470372,-84.639917
323,Acer rubrum,46.470375,-84.640412
330,Acer rubrum,46.470387,-84.640038
2204,Quercus rubra,46.471138,-84.425316
407,Acer saccharum,46.472174,-84.638768
639,Betula alleghaniensis,46.472559,-84.956364
193,Acer pensylvanicum,46.472709,-84.638819
481,Acer saccharum,46.47293,-84.312295
1132,Fagus grandifolia,46.472948,-87.055171
431,Acer saccharum,46.473097,-84.311343
565,Betula alleghaniensis,46.473155,-84.311258
650,Betula alleghaniensis,46.473159,-84.311287
433,Acer saccharum,46.473363,-86.539175
2694,Tsuga canadensis,46.473381,-84.956911
487,Acer saccharum,46.473403,-86.541245
1033,Fagus grandifolia,46.473422,-86.542345
1039,Fagus grandifolia,46.47347,-86.542396
2435,Tilia americana,46.473774,-86.545495
1155,Fagus grandifolia,46.473908,-84.956785
971,Fagus grandifolia,46.473964,-84.956731
140,Acer pensylvanicum,46.474011,-84.630726
1172,Fagus grandifolia,46.474075,-86.542915
1098,Fagus grandifolia,46.474125,-86.542908
476,Acer saccharum,46.474598,-86.534414
409,Acer saccharum,46.47462,-84.956778
619,Betula alleghaniensis,46.47462,-84.956778
967,Fagus grandifolia,46.47462,-84.956778
2542,Tsuga canadensis,46.47462,-84.956778
989,Fagus grandifolia,46.474674,-86.532822
2619,Tsuga canadensis,46.474767,-86.53269
460,Acer saccharum,46.474839,-86.543784
614,Betula alleghaniensis,46.475405,-84.30703
93,Acer pensylvanicum,46.475435,-84.640138
358,Acer saccharum,46.475611,-84.957305
686,Betula alleghaniensis,46.475699,-84.957424
305,Acer rubrum,46.476267,-84.960085
60,Acer pensylvanicum,46.476788,-84.351852
2589,Tsuga canadensis,46.476788,-84.351852
2225,Quercus rubra,46.476788,-84.344299
2787,Tsuga canadensis,46.476967,-84.346873
291,Acer rubrum,46.477164,-84.959301
1239,Fraxinus pennsylvanica,46.477261,-84.345673
1853,Prunus serotina,46.483062,-87.065305
2198,Quercus rubra,46.483452,-84.417935
90,Acer pensylvanicum,46.48385,-84.630787
2078,Quercus rubra,46.483997,-84.631364
642,Betula alleghaniensis,46.484223,-87.295246
2082,Quercus rubra,46.484268,-84.300891
144,Acer pensylvanicum,46.484668,-84.633178
2149,Quercus rubra,46.484712,-84.630745
2125,Quercus rubra,46.489153,-87.295067
568,Betula alleghaniensis,46.490337,-84.237817
1646,Ostrya virginiana,46.493817,-87.051878
2736,Tsuga canadensis,46.494945,-86.550012
704,Betula alleghaniensis,46.495286,-87.050485
42,Acer pensylvanicum,46.4953,-84.345317
2102,Quercus rubra,46.4953,-84.345317
2600,Tsuga canadensis,46.4953,-84.345317
2822,Ulmus americana,46.496628,-84.369845
1884,Prunus serotina,46.525179,-86.356437
432,Acer saccharum,46.525264,-86.356493
54,Acer pensylvanicum,46.555755,-86.366067
2660,Tsuga canadensis,46.555755,-86.366067
79,Acer pensylvanicum,46.55643,-86.366653
2599,Tsuga canadensis,46.556605,-86.368378
666,Betula alleghaniensis,46.557676,-86.363598
2714,Tsuga canadensis,46.558044,-86.334565
137,Acer pensylvanicum,46.558403,-86.36833
2704,Tsuga canadensis,46.558567,-86.33898
2709,Tsuga canadensis,46.558586,-86.362161
36,Acer pensylvanicum,46.55907,-86.406883
2778,Tsuga canadensis,46.560662,-86.36767
2113,Quercus rubra,46.560887,-86.368462
617,Betula alleghaniensis,46.561032,-86.368507
2080,Quercus rubra,46.562245,-86.366425
2205,Quercus rubra,46.56256,-86.361851
2568,Tsuga canadensis,46.563388,-86.366287
2175,Quercus rubra,46.565319,-86.354594
1181,Fagus grandifolia,46.566312,-86.38108
269,Acer rubrum,46.566412,-86.381067
119,Acer pensylvanicum,46.567117,-86.378037
840,Fagus grandifolia,46.567745,-86.377013
2532,Tsuga canadensis,46.567928,-86.377137
2577,Tsuga canadensis,46.568328,-86.373663
2066,Quercus rubra,46.577081,-86.350744
1631,Ostrya virginiana,46.666783,-92.353692
2193,Quercus rubra,46.666851,-92.353014
1612,Ostrya virginiana,46.666892,-92.325613
1641,Ostrya virginiana,46.666908,-92.353005
489,Acer saccharum,46.66694,-88.74028
192,Acer pensylvanicum,46.666942,-87.546855
2181,Quercus rubra,46.666975,-87.575896
26,Acer pensylvanicum,46.667047,-86.019503
15,Acer pensylvanicum,46.667078,-86.018715
104,Acer pensylvanicum,46.667125,-86.01954
102,Acer pensylvanicum,46.667219,-86.017914
623,Betula alleghaniensis,46.66724,-87.546755
2,Acer pensylvanicum,46.667289,-86.013506
486,Acer saccharum,46.667358,-86.017338
363,Acer saccharum,46.667576,-86.017226
153,Acer pensylvanicum,46.667651,-86.013846
1186,Fagus grandifolia,46.667651,-86.013846
98,Acer pensylvanicum,46.667961,-86.013839
81,Acer pensylvanicum,46.668108,-86.013903
43,Acer pensylvanicum,46.668114,-87.547068
1086,Fagus grandifolia,46.668121,-86.014099
2148,Quercus rubra,46.66814,-86.014099
1600,Ostrya virginiana,46.668167,-87.546984
173,Acer pensylvanicum,46.668194,-86.014024
2224,Quercus rubra,46.668264,-86.014161
113,Acer pensylvanicum,46.668287,-86.139678
2182,Quercus rubra,46.668405,-87.56596
2111,Quercus rubra,46.668471,-86.014002
2807,Ulmus americana,46.668521,-85.859123
500,Acer saccharum,46.668611,-89.552499
2411,Tilia americana,46.668793,-87.551621
929,Fagus grandifolia,46.668866,-86.0135
1013,Fagus grandifolia,46.668938,-86.013458
463,Acer saccharum,46.669231,-86.013222
2122,Quercus rubra,46.669281,-86.013161
14,Acer pensylvanicum,46.669395,-87.545885
398,Acer saccharum,46.669495,-86.159866
690,Betula alleghaniensis,46.669722,-87.545717
1008,Fagus grandifolia,46.669911,-86.010953
2129,Quercus rubra,46.670116,-87.545307
76,Acer pensylvanicum,46.670442,-86.013848
574,Betula alleghaniensis,46.670442,-86.013848
695,Betula alleghaniensis,46.670612,-86.156792
2623,Tsuga canadensis,46.670698,-87.545176
2671,Tsuga canadensis,46.670703,-86.149595
155,Acer pensylvanicum,46.671742,-85.985066
1570,Ostrya virginiana,46.67195,-89.470304
210,Acer pensylvanicum,46.672516,-87.543346
2452,Tilia americana,46.6727,-87.543766
1575,Ostrya virginiana,46.672748,-87.548746
2219,Quercus rubra,46.672798,-85.860705
211,Acer pensylvanicum,46.672804,-87.54835
168,Acer pensylvanicum,46.672868,-85.995385
710,Betula alleghaniensis,46.673099,-87.544392
439,Acer saccharum,46.673183,-85.987544
1018,Fagus grandifolia,46.673187,-85.993701
306,Acer rubrum,46.673233,-85.031867
2444,Tilia americana,46.67324,-87.543912
647,Betula alleghaniensis,46.673428,-87.543855
67,Acer pensylvanicum,46.673455,-87.544062
307,Acer rubrum,46.673642,-85.032342
264,Acer rubrum,46.673808,-85.033198
2172,Quercus rubra,46.674198,-85.028841
325,Acer rubrum,46.674223,-85.033356
2480,Tilia americana,46.67488,-89.632257
31,Acer pensylvanicum,46.675647,-85.650809
110,Acer pensylvanicum,46.676489,-85.733131
184,Acer pensylvanicum,46.677278,-85.622624
141,Acer pensylvanicum,46.678458,-85.934247
133,Acer pensylvanicum,46.67847,-85.934188
30,Acer pensylvanicum,46.6798,-85.6575
1967,Quercus macrocarpa,46.683491,-91.604699
1845,Prunus serotina,46.684038,-87.582412
2631,Tsuga canadensis,46.684238,-89.377516
1568,Ostrya virginiana,46.684378,-91.667313
2141,Quercus rubra,46.697996,-85.425706
289,Acer rubrum,46.699656,-85.419042
297,Acer rubrum,46.700083,-85.418412
2156,Quercus rubra,46.700542,-85.415886
417,Acer saccharum,46.700712,-89.987738
1659,Ostrya virginiana,46.700727,-89.707588
1074,Fagus grandifolia,46.702122,-87.582481
1589,Ostrya virginiana,46.702221,-87.582375
249,Acer rubrum,46.703252,-87.579791
595,Betula alleghaniensis,46.703536,-87.579457
581,Betula alleghaniensis,46.703683,-89.980942
2805,Ulmus americana,46.703965,-87.579277
479,Acer saccharum,46.704199,-87.579293
580,Betula alleghaniensis,46.704205,-87.582431
2829,Ulmus americana,46.704362,-87.579454
72,Acer pensylvanicum,46.705232,-87.583028
2536,Tsuga canadensis,46.706805,-87.583364
2150,Quercus rubra,46.712142,-85.064408
598,Betula alleghaniensis,46.712727,-87.581555
209,Acer pensylvanicum,46.713413,-87.584442
2544,Tsuga canadensis,46.713497,-87.584292
151,Acer pensylvanicum,46.714914,-87.587231
621,Betula alleghaniensis,46.71615,-87.587478
2691,Tsuga canadensis,46.716512,-87.579967
658,Betula alleghaniensis,46.716525,-87.579604
157,Acer pensylvanicum,46.716697,-87.5808
2785,Tsuga canadensis,46.716794,-87.586829
114,Acer pensylvanicum,46.716938,-87.584643
2570,Tsuga canadensis,46.717041,-87.584221
178,Acer pensylvanicum,46.717089,-87.583972
2790,Tsuga canadensis,46.717099,-87.58385
707,Betula alleghaniensis,46.717243,-87.583298
670,Betula alleghaniensis,46.717401,-87.582978
2620,Tsuga canadensis,46.71769,-87.582474
247,Acer rubrum,46.717947,-85.060007
21,Acer pensylvanicum,46.718901,-87.582839
2653,Tsuga canadensis,46.719978,-87.580008
2672,Tsuga canadensis,46.719989,-87.579926
96,Acer pensylvanicum,46.720149,-87.65807
48,Acer pensylvanicum,46.720893,-87.585381
2652,Tsuga canadensis,46.721199,-89.827756
674,Betula alleghaniensis,46.722159,-87.658565
150,Acer pensylvanicum,46.723422,-87.587079
2546,Tsuga canadensis,46.72406,-87.587408
571,Betula alleghaniensis,46.724425,-89.833486
2466,Tilia americana,46.724647,-89.83295
1966,Quercus macrocarpa,46.729168,-89.389
2627,Tsuga canadensis,46.733793,-87.629269
2567,Tsuga canadensis,46.737888,-89.40992
436,Acer saccharum,46.740597,-89.756753
720,Carpinus caroliniana,46.743118,-89.652386
648,Betula alleghaniensis,46.745924,-85.191783
2615,Tsuga canadensis,46.747899,-87.65663
415,Acer saccharum,46.752975,-89.902275
600,Betula alleghaniensis,46.753822,-89.897567
2110,Quercus rubra,46.754416,-87.663822
2625,Tsuga canadensis,46.754579,-87.663988
2098,Quercus rubra,46.755063,-85.080156
2545,Tsuga canadensis,46.755333,-89.89753
2116,Quercus rubra,46.75607,-85.031119
2628,Tsuga canadensis,46.756497,-89.895355
2155,Quercus rubra,46.758522,-85.031503
406,Acer saccharum,46.759306,-89.872367
2230,Quercus rubra,46.759587,-85.137032
267,Acer rubrum,46.760297,-85.031311
2214,Quercus rubra,46.760642,-85.031289
277,Acer rubrum,46.760835,-85.032374
270,Acer rubrum,46.76245,-85.024742
288,Acer rubrum,46.765025,-84.97105
238,Acer rubrum,46.766787,-84.960153
2096,Quercus rubra,46.766881,-84.975066
281,Acer rubrum,46.769725,-84.962036
261,Acer rubrum,46.77036,-84.957186
2740,Tsuga canadensis,46.793322,-89.78837
2677,Tsuga canadensis,46.807925,-89.693297
709,Betula alleghaniensis,46.809188,-89.693787
1617,Ostrya virginiana,46.811229,-89.731352
2688,Tsuga canadensis,46.811577,-89.727277
475,Acer saccharum,46.812417,-89.694768
1979,Quercus macrocarpa,46.813153,-89.718588
1981,Quercus macrocarpa,46.813201,-89.71953
1987,Quercus macrocarpa,46.813339,-89.716819
2158,Quercus rubra,46.813392,-89.712172
2168,Quercus rubra,46.813553,-89.709337
2185,Quercus rubra,46.813708,-89.757214
2744,Tsuga canadensis,46.813831,-89.756992
1650,Ostrya virginiana,46.814159,-89.783506
2613,Tsuga canadensis,46.814195,-89.680258
2455,Tilia americana,46.814865,-89.728747
419,Acer saccharum,46.814987,-89.703025
2130,Quercus rubra,46.815012,-89.732215
689,Betula alleghaniensis,46.815092,-89.695511
2447,Tilia americana,46.816772,-89.727614
400,Acer saccharum,46.837444,-89.439869
2437,Tilia americana,46.840038,-90.64038
2136,Quercus rubra,46.840062,-90.64042
2446,Tilia americana,46.872402,-90.501406
2213,Quercus rubra,46.923771,-90.55406
2434,Tilia americana,46.932151,-91.860153
585,Betula alleghaniensis,46.934257,-91.861734
252,Acer rubrum,46.964125,-90.652828
385,Acer saccharum,46.964125,-90.652828
1567,Ostrya virginiana,46.964125,-90.652828
2086,Quercus rubra,46.964125,-90.652828
2581,Tsuga canadensis,46.964125,-90.652828
2440,Tilia americana,46.990505,-91.955583
2126,Quercus rubra,46.990516,-91.955337
2403,Tilia americana,46.991297,-91.954738
2217,Quercus rubra,47.016041,-90.757687
2788,Tsuga canadensis,47.016041,-90.757687
653,Betula alleghaniensis,47.0256,-88.839794
2584,Tsuga canadensis,47.027393,-88.736696
2642,Tsuga canadensis,47.028664,-88.731255
2630,Tsuga canadensis,47.028747,-88.731155
2758,Tsuga canadensis,47.028903,-88.728431
2060,Quercus rubra,47.029031,-88.728944
2127,Quercus rubra,47.029194,-88.730439
2534,Tsuga canadensis,47.029224,-88.727
2664,Tsuga canadensis,47.029296,-88.726781
2557,Tsuga canadensis,47.029381,-88.726985
2792,Tsuga canadensis,47.030103,-88.73098
1227,Fraxinus americana,47.030406,-88.827092
2697,Tsuga canadensis,47.065506,-88.707113
2216,Quercus rubra,47.070483,-90.727127
662,Betula alleghaniensis,47.073021,-90.584711
2209,Quercus rubra,47.074755,-90.586249
591,Betula alleghaniensis,47.074885,-90.586461
2553,Tsuga canadensis,47.225557,-88.188441
2827,Ulmus americana,47.263236,-91.297572
668,Betula alleghaniensis,47.266783,-91.298395
1250,Fraxinus pennsylvanica,47.310718,-91.324352
2208,Quercus rubra,47.314175,-91.29048
483,Acer saccharum,47.326783,-88.145286
1236,Fraxinus pennsylvanica,47.33306,-93.7925
2683,Tsuga canadensis,47.356262,-88.338997
2547,Tsuga canadensis,47.356268,-88.338983
2791,Tsuga canadensis,47.356273,-88.338995
2543,Tsuga canadensis,47.369295,-88.350687
1663,Ostrya virginiana,47.373022,-88.307902
2733,Tsuga canadensis,47.3867,-88.004822
222,Acer pensylvanicum,47.3958,-87.8899
2431,Tilia americana,47.39587,-88.007867
2121,Quercus rubra,47.395967,-87.898607
402,Acer saccharum,47.396548,-87.902212
83,Acer pensylvanicum,47.3966,-87.900528
2588,Tsuga canadensis,47.40681,-88.29506
2153,Quercus rubra,47.427722,-88.005525
404,Acer saccharum,47.43845,-87.893212
2064,Quercus rubra,47.447103,-87.785387
399,Acer saccharum,47.44712,-87.785387
2144,Quercus rubra,47.449645,-88.155221
2146,Quercus rubra,47.456162,-87.898278
2170,Quercus rubra,47.46378,-87.9711
2128,Quercus rubra,47.463931,-87.970177
2163,Quercus rubra,47.464083,-87.9673
2115,Quercus rubra,47.464181,-87.96735
2105,Quercus rubra,47.464217,-87.968723
2231,Quercus rubra,47.464222,-87.968796
2192,Quercus rubra,47.464245,-87.966636
2226,Quercus rubra,47.464396,-87.968882
2131,Quercus rubra,47.465125,-87.951653
1615,Ostrya virginiana,47.465241,-87.950972
2194,Quercus rubra,47.46579,-87.951538
2206,Quercus rubra,47.46585,-87.951588
2058,Quercus rubra,47.465897,-87.921406
2147,Quercus rubra,47.466006,-87.909131
2138,Quercus rubra,47.466366,-87.951433
2202,Quercus rubra,47.46675,-87.899758
2222,Quercus rubra,47.473889,-87.9675
2119,Quercus rubra,47.474687,-87.89833
1619,Ostrya virginiana,47.479167,-87.958733
448,Acer saccharum,47.496946,-90.99655
663,Betula alleghaniensis,47.593328,-90.863872
457,Acer saccharum,47.594369,-90.863255
375,Acer saccharum,47.59759,-90.860703
679,Betula alleghaniensis,47.601803,-90.844139
640,Betula alleghaniensis,47.603192,-90.831797
649,Betula alleghaniensis,47.605337,-90.83952
638,Betula alleghaniensis,47.606687,-90.858183
426,Acer saccharum,47.626022,-90.773995
429,Acer saccharum,47.626904,-90.780718
494,Acer saccharum,47.627194,-90.772689
676,Betula alleghaniensis,47.641732,-90.772513
497,Acer saccharum,47.65589,-90.70245
607,Betula alleghaniensis,47.853091,-89.165984
573,Betula alleghaniensis,47.878831,-89.989131
602,Betula alleghaniensis,47.898335,-89.957779
584,Betula alleghaniensis,47.908382,-89.158848
503,Acer saccharum,47.913041,-89.157018
506,Acer saccharum,47.913041,-89.154709
594,Betula alleghaniensis,47.917337,-89.17298
2215,Quercus rubra,47.941058,-89.128053
1551,Ostrya virginiana,47.959094,-88.989113
2091,Quercus rubra,48.019199,-91.559484
356,Acer saccharinum,48.03165,-91.61886
1237,Fraxinus pennsylvanica,48.03165,-91.61886
1988,Quercus macrocarpa,48.03165,-91.61886
2487,Tilia americana,48.03165,-91.61886
605,Betula alleghaniensis,48.031651,-91.618862
2062,Quercus rubra,48.044241,-90.369133
2200,Quercus rubra,48.044289,-90.368473
1968,Quercus macrocarpa,48.046719,-91.347013
352,Acer saccharinum,48.047717,-91.662924
1947,Quercus ellipsoidalis,48.051077,-91.438512
615,Betula alleghaniensis,48.051398,-90.318306
1949,Quercus ellipsoidalis,48.05456,-91.329045
586,Betula alleghaniensis,48.055758,-90.350067
2812,Ulmus americana,48.057476,-90.046009
2810,Ulmus americana,48.05748,-90.04601
1989,Quercus macrocarpa,48.060876,-91.294158
2823,Ulmus americana,48.062438,-90.25692
677,Betula alleghaniensis,48.06255,-90.259923
616,Betula alleghaniensis,48.064954,-90.322646
2090,Quercus rubra,48.06803,-91.664638
601,Betula alleghaniensis,48.069998,-90.459508
1972,Quercus macrocarpa,48.078012,-91.145273
1976,Quercus macrocarpa,48.078021,-91.145272
1974,Quercus macrocarpa,48.0787,-91.145775
1235,Fraxinus pennsylvanica,48.08113,-90.70486
250,Acer rubrum,48.08429,-88.617192
2814,Ulmus americana,48.08444,-90.522269
593,Betula alleghaniensis,48.088762,-90.535104
2227,Quercus rubra,48.09408,-88.63795
2813,Ulmus americana,48.095412,-90.397251
604,Betula alleghaniensis,48.095412,-90.39725
343,Acer rubrum,48.099446,-88.623369
276,Acer rubrum,48.104369,-88.593598
1950,Quercus ellipsoidalis,48.109159,-91.65871
388,Acer saccharum,48.109717,-88.605246
2419,Tilia americana,48.111622,-91.65666
570,Betula alleghaniensis,48.125848,-91.090669
2187,Quercus rubra,48.167051,-90.878863
2169,Quercus rubra,48.343922,-92.475662
1948,Quercus ellipsoidalis,48.399796,-92.478801
603,Betula alleghaniensis,48.404426,-92.79166
1973,Quercus macrocarpa,48.42824,-92.52702
2092,Quercus rubra,48.46228,-92.82006
2157,Quercus rubra,48.467178,-92.817488
2417,Tilia americana,48.4833,-92.8
1945,Quercus ellipsoidalis,48.484165,-92.798889
2071,Quercus rubra,48.502156,-92.639517
2410,Tilia americana,48.502203,-92.639496
1234,Fraxinus pennsylvanica,48.52144,-92.66536
1970,Quercus macrocarpa,48.6903,-94.43922
2811,Ulmus americana,48.690302,-94.439218
2418,Tilia americana,48.735353,-94.642459
2832,Ulmus americana,48.821707,-95.101712
2833,Ulmus americana,48.893832,-95.40735
1975,Quercus macrocarpa,48.93051,-95.02576