"species","decimalLatitude","decimalLongitude"
"Magnolia fraseri",34.677938,-83.355333
"Magnolia fraseri",38.998037,-79.615695
"Magnolia fraseri",36.358447,-81.368705
"Magnolia fraseri",35.274123,-84.021953
"Magnolia fraseri",35.741372,-83.187187
"Magnolia fraseri",37.00048,-81.40532
"Magnolia fraseri",35.119193,-83.012781
"Magnolia fraseri",35.816093,-82.14636
"Magnolia fraseri",36.264571,-82.363282
"Magnolia fraseri",35.746234,-83.173542
"Magnolia fraseri",36.381553,-80.281481
"Magnolia fraseri",36.497637,-82.038055
"Magnolia fraseri",35.245835,-82.685544
"Magnolia fraseri",38.057986,-81.060508
"Magnolia fraseri",36.098433,-81.7976
"Magnolia fraseri",38.04977,-81.075744
"Magnolia fraseri",35.766167,-83.267032
"Magnolia fraseri",35.67163,-83.483365
"Magnolia fraseri",36.386056,-80.286024
"Magnolia fraseri",35.231967,-82.610353
"Magnolia fraseri",36.207674,-81.907713
"Magnolia fraseri",38.614926,-79.843463
"Magnolia fraseri",36.161495,-81.875818
"Magnolia fraseri",37.837182,-81.066458
"Magnolia fraseri",35.067218,-82.781108
"Magnolia fraseri",35.662141,-83.546284
"Magnolia fraseri",35.50763,-82.030463
"Magnolia fraseri",35.16315,-83.584511
"Magnolia fraseri",36.06932,-82.027436
"Magnolia fraseri",34.869358,-83.08718
"Magnolia fraseri",35.431768,-82.257199
"Magnolia fraseri",36.471456,-81.963269
"Magnolia fraseri",36.533573,-81.951419
"Magnolia fraseri",37.860847,-81.47483
"Magnolia fraseri",35.305253,-82.774612
"Magnolia fraseri",35.219803,-82.603553
"Magnolia fraseri",35.385992,-83.093043
"Magnolia fraseri",35.754693,-83.213276
"Magnolia fraseri",35.691501,-83.392539
"Magnolia fraseri",36.098167,-81.797464
"Magnolia fraseri",36.359586,-81.366137
"Magnolia fraseri",35.360098,-82.757253
"Magnolia fraseri",36.870695,-82.462413
"Magnolia fraseri",35.634848,-83.469785
"Magnolia fraseri",36.628439,-81.776036
"Magnolia fraseri",36.38288,-81.022461
"Magnolia fraseri",35.561817,-83.16553
"Magnolia fraseri",38.056713,-81.062665
"Magnolia fraseri",36.137147,-81.732078
"Magnolia fraseri",37.654208,-81.418028
"Magnolia fraseri",36.631836,-80.630074
"Magnolia fraseri",35.405939,-83.972572
"Magnolia fraseri",35.702783,-83.042776
"Magnolia fraseri",35.082992,-82.584747
"Magnolia fraseri",37.982778,-80.946363
"Magnolia fraseri",35.726106,-83.026781
"Magnolia fraseri",35.375244,-82.783547
"Magnolia fraseri",37.989917,-80.978027
"Magnolia fraseri",36.087783,-81.827135
"Magnolia fraseri",35.199653,-82.616325
"Magnolia fraseri",35.858719,-82.207565
"Magnolia fraseri",35.949187,-81.925363
"Magnolia fraseri",35.686234,-83.400129
"Magnolia fraseri",35.331836,-82.489905
"Magnolia fraseri",38.182855,-80.25469
"Magnolia fraseri",35.673301,-83.644031
"Magnolia fraseri",35.641971,-82.299588
"Magnolia fraseri",36.184867,-81.634842
"Magnolia fraseri",35.245817,-82.763863
"Magnolia fraseri",38.059692,-81.077378
"Magnolia fraseri",35.10045,-83.727033
"Magnolia fraseri",35.68702,-83.396972
"Magnolia fraseri",35.368563,-84.010728
"Magnolia fraseri",35.714685,-83.382627
"Magnolia fraseri",35.237993,-82.51418
"Magnolia fraseri",35.702693,-83.357318
"Magnolia fraseri",35.614993,-83.085115
"Magnolia fraseri",35.252509,-82.452081
"Magnolia fraseri",36.975027,-82.557532
"Magnolia fraseri",35.272045,-82.705749
"Magnolia fraseri",35.473337,-82.239271
"Magnolia fraseri",36.396287,-81.051055
"Magnolia fraseri",36.470821,-81.968665
"Magnolia fraseri",35.202249,-82.617936
"Magnolia fraseri",35.685178,-83.610838
"Magnolia fraseri",35.960235,-81.861549
"Magnolia fraseri",36.424102,-80.287377
"Magnolia fraseri",35.086282,-82.578477
"Magnolia fraseri",35.6944,-83.641083
"Magnolia fraseri",36.26463,-82.363575
"Magnolia fraseri",35.876458,-82.862642
"Magnolia fraseri",35.138513,-82.681822
"Magnolia fraseri",39.066275,-79.612516
"Magnolia fraseri",36.56027,-80.748028
"Magnolia fraseri",36.91925,-80.19645
"Magnolia fraseri",35.757761,-82.174481
"Magnolia fraseri",35.645799,-82.298993
"Magnolia fraseri",35.443018,-82.251682
"Magnolia fraseri",35.310337,-82.495987
"Magnolia fraseri",35.19182,-82.612008
"Magnolia fraseri",36.117878,-81.787033
"Magnolia fraseri",35.747713,-83.517425
"Magnolia fraseri",37.293842,-82.305706
"Magnolia fraseri",35.439702,-82.248575
"Magnolia fraseri",35.960778,-82.50363
"Magnolia fraseri",35.2963,-82.841737
"Magnolia fraseri",35.034076,-83.015213
"Magnolia fraseri",36.59022,-80.191228
"Magnolia fraseri",36.331986,-81.576225
"Magnolia fraseri",36.116886,-81.783034
"Magnolia fraseri",35.693931,-83.521871
"Magnolia fraseri",39.064199,-79.665528
"Magnolia fraseri",36.164673,-81.661896
"Magnolia fraseri",36.644803,-81.720833
"Magnolia fraseri",36.107525,-82.369522
"Magnolia fraseri",35.181195,-82.268188
"Magnolia fraseri",38.109169,-80.303114
"Magnolia fraseri",36.131836,-81.692222
"Magnolia fraseri",35.110945,-82.619882
"Magnolia fraseri",35.770519,-82.82885
"Magnolia fraseri",36.151906,-81.733453
"Magnolia fraseri",35.194155,-83.562531
"Magnolia fraseri",35.939992,-81.924392
"Magnolia fraseri",38.992095,-79.641668
"Magnolia fraseri",35.793239,-81.864203
"Magnolia fraseri",36.066144,-82.382292
"Magnolia fraseri",35.053599,-83.200774
"Magnolia fraseri",36.236232,-81.604836
"Magnolia fraseri",34.874825,-83.841897
"Magnolia fraseri",35.174148,-82.635591
"Magnolia fraseri",38.965574,-79.647131
"Magnolia fraseri",35.019742,-83.125922
"Magnolia fraseri",34.674769,-82.818838
"Magnolia fraseri",35.478783,-82.18808
"Magnolia fraseri",35.272299,-82.75593
"Magnolia fraseri",36.23333,-81.63333
"Magnolia fraseri",35.612478,-82.56601
"Magnolia fraseri",35.135262,-82.942868
"Magnolia fraseri",36.103685,-81.821862
"Magnolia fraseri",36.424911,-81.154757
"Magnolia fraseri",35.080568,-83.138977
"Magnolia fraseri",35.682271,-82.048044
"Magnolia fraseri",38.483459,-80.449052
"Magnolia fraseri",39.111175,-79.559968
"Magnolia fraseri",35.787822,-83.5249
"Magnolia fraseri",36.284744,-82.126593
"Magnolia fraseri",37.285047,-82.291233
"Magnolia fraseri",36,-83
"Magnolia fraseri",35.695445,-83.4656
"Magnolia fraseri",35.691585,-83.392346
"Magnolia fraseri",35.061742,-82.8024
"Magnolia fraseri",35.950238,-81.928764
"Magnolia fraseri",36.154758,-81.79782
"Magnolia fraseri",36.086308,-81.841863
"Magnolia fraseri",35.0513,-83.186875
"Magnolia fraseri",35.652906,-82.296584
"Magnolia fraseri",36.191905,-81.88745
"Magnolia fraseri",37.838028,-81.066667
"Magnolia fraseri",34.809783,-83.12303
"Magnolia fraseri",36.197128,-81.87697
"Magnolia fraseri",39.100475,-79.529638
"Magnolia fraseri",35.352582,-82.777301
"Magnolia fraseri",36.049032,-82.56292
"Magnolia fraseri",38.934275,-79.731452
"Magnolia fraseri",38.058533,-81.060386
"Magnolia fraseri",35.469236,-82.339985
"Magnolia fraseri",35.469974,-82.338957
"Magnolia fraseri",35.451492,-82.742067
"Magnolia fraseri",36.100081,-81.801168
"Magnolia fraseri",35.78333,-83
"Magnolia fraseri",35.05845,-84.4637
"Magnolia fraseri",35.21142,-83.0571
"Magnolia fraseri",34.99065,-83.3413
"Magnolia fraseri",35.17353,-83.6077
"Magnolia fraseri",35.22285,-83.0858
"Magnolia fraseri",35.23102,-83.0783
"Magnolia fraseri",35.29821,-83.5143
"Magnolia fraseri",35.06633,-84.4628
"Magnolia fraseri",35.07869,-83.4355
"Magnolia fraseri",35.34405,-82.90405
"Magnolia fraseri",35.305461,-84.329033
"Magnolia fraseri",34.873998,-83.575817
"Magnolia fraseri",35.736664,-83.280544
"Magnolia fraseri",35.358323,-83.932631
"Magnolia fraseri",34.898838,-84.197418
"Magnolia fraseri",35.764097,-83.154259
"Magnolia fraseri",35.322872,-82.827933
"Magnolia fraseri",34.697167,-83.415017
"Magnolia fraseri",36.129036,-81.770022
"Magnolia fraseri",35.68555,-83.53694
"Magnolia fraseri",35.68388,-82.00916
"Magnolia fraseri",36.51861,-81.93583
"Magnolia fraseri",36.217401,-81.907759
"Magnolia fraseri",35.609487,-81.655647
"Magnolia fraseri",35.354101,-83.933961
"Magnolia fraseri",36.047957,-81.797127
"Magnolia fraseri",36.167003,-81.776122
"Magnolia fraseri",36.390995,-80.26438
"Magnolia fraseri",35.042429,-83.452649
"Magnolia fraseri",35.061431,-83.46015
"Magnolia fraseri",35.05477,-83.43104
"Magnolia fraseri",35.057975,-83.46492
"Magnolia fraseri",35.040931,-83.452695
"Magnolia fraseri",35.055485,-83.43084
"Magnolia fraseri",35.055172,-83.430844
"Magnolia fraseri",36.64201,-81.48391
"Magnolia fraseri",38.184963,-80.269243
"Magnolia fraseri",37.287163,-82.296062
"Magnolia fraseri",36.198517,-81.767654
"Magnolia fraseri",35.201687,-82.622259
"Magnolia fraseri",35.281894,-83.581683
"Magnolia fraseri",35.63822,-83.553617
"Magnolia fraseri",35.02077,-82.996835
"Magnolia fraseri",35.483597,-82.340364
"Magnolia fraseri",36.412804,-80.264618
"Magnolia fraseri",36.480623,-80.53507
"Magnolia fraseri",35.247825,-84.217696
"Magnolia fraseri",35.054751,-83.188267
"Magnolia fraseri",36.120195,-81.744533
"Magnolia fraseri",36.096777,-81.110509
"Magnolia fraseri",36.009521,-81.730591
"Magnolia fraseri",35.294266,-83.785847
"Magnolia fraseri",36.407578,-80.263802
"Magnolia fraseri",35.363407,-83.43286
"Magnolia fraseri",35.847583,-81.712024
"Magnolia fraseri",36.231056,-81.676856
"Magnolia fraseri",35.108154,-82.877077
"Magnolia fraseri",36.03535,-81.184031
"Magnolia fraseri",36.035421,-81.182072
"Magnolia fraseri",35.684013,-82.009274
"Magnolia fraseri",36.033797,-81.149726
"Magnolia fraseri",35.1575,-83.579444
"Magnolia fraseri",35.116232,-82.998182
"Magnolia fraseri",36.146755,-81.813537
"Magnolia fraseri",36.135129,-81.677606
"Magnolia fraseri",35.681349,-83.787629
"Magnolia fraseri",36.322745,-81.373515
"Magnolia fraseri",36.110689,-82.359704
"Magnolia fraseri",35.430929,-83.447381
"Magnolia fraseri",36.058516,-81.72859
"Magnolia fraseri",36.559788,-80.746226
"Magnolia fraseri",36.396956,-80.269931
"Magnolia fraseri",35.930207,-82.852428
"Magnolia fraseri",36.114916,-81.661218
"Magnolia fraseri",36.476197,-80.829279
"Magnolia fraseri",36.40291,-80.985355
"Magnolia fraseri",36.417639,-81.590472
"Magnolia fraseri",35.101734,-83.622009
"Magnolia fraseri",35.96214,-82.449855
"Magnolia fraseri",36.410176,-80.690794
"Magnolia fraseri",35.975106,-82.677641
"Magnolia fraseri",35.387778,-82.716667
"Magnolia fraseri",36.40825,-81.619306
"Magnolia fraseri",36.469957,-80.839196
"Magnolia fraseri",35.062562,-83.623326
"Magnolia fraseri",36.068322,-82.004634
"Magnolia fraseri",35.264844,-83.807399
"Magnolia fraseri",35.373721,-82.760684
"Magnolia fraseri",34.75539,-83.399802
"Magnolia fraseri",35.833861,-82.951526
"Magnolia fraseri",39.100376,-79.529509
"Magnolia fraseri",39.10038,-79.5295
"Magnolia fraseri",36.750288,-80.405533
"Magnolia fraseri",35.674966,-83.486334
"Magnolia fraseri",35.917855,-81.902017
"Magnolia fraseri",38.055907,-81.075986
"Magnolia fraseri",35.770161,-82.832114
"Magnolia fraseri",34.759579,-83.935265
"Magnolia fraseri",37.9816,-80.933388
"Magnolia fraseri",35.751233,-82.224533
"Magnolia fraseri",38.176355,-80.33657
"Magnolia fraseri",35.650867,-83.58162
"Magnolia fraseri",36.121487,-81.777321
"Magnolia fraseri",35.152648,-82.695865
"Magnolia fraseri",35.594658,-81.634872
"Magnolia fraseri",35.6202,-83.818345
"Magnolia fraseri",35.66605,-83.5991
"Magnolia fraseri",36.38766,-80.27221
"Magnolia fraseri",35.68006,-83.46358
"Magnolia fraseri",35.67982,-83.45833
"Magnolia fraseri",35.67916,-83.45884
"Magnolia fraseri",35.75344,-83.20805
"Magnolia fraseri",36.816488,-82.714203
"Magnolia fraseri",35.249122,-82.76413
"Magnolia fraseri",36.144172,-81.712775
"Magnolia fraseri",34.998348,-82.951635
"Magnolia fraseri",38.058925,-81.077142
"Magnolia fraseri",35.68343,-83.607978
"Magnolia fraseri",36.212678,-81.692703
"Magnolia fraseri",35.272153,-82.269895
"Magnolia fraseri",36.414367,-80.268392
"Magnolia fraseri",34.887395,-83.341897
"Magnolia fraseri",34.806567,-83.116653
"Magnolia fraseri",35.359608,-83.932566
"Magnolia fraseri",35.081568,-83.143373
"Magnolia fraseri",35.748399,-82.219964
"Magnolia fraseri",35.199745,-82.864363
"Magnolia fraseri",35.418087,-83.994605
"Magnolia fraseri",35.629009,-82.18067
"Magnolia fraseri",36.736075,-80.96753
"Magnolia fraseri",35.887582,-82.798078
"Magnolia fraseri",35.828983,-82.186195
"Magnolia fraseri",35.661895,-83.712372
"Magnolia fraseri",35.749684,-82.224984
"Magnolia fraseri",35.665,-83.71608
"Magnolia fraseri",37.286195,-82.290062
"Magnolia fraseri",35.204512,-82.60302
"Magnolia fraseri",36.712639,-81.513065
"Magnolia fraseri",35.639879,-82.303068
"Magnolia fraseri",36.124503,-81.8218
"Magnolia fraseri",36.169808,-81.916047
"Magnolia fraseri",35.73918,-83.423324
"Magnolia fraseri",35.950206,-81.931456
"Magnolia fraseri",35.346539,-82.773781
"Magnolia fraseri",35.1575,-83.57944
"Magnolia fraseri",35.770861,-82.165056
"Magnolia fraseri",34.901087,-83.19577
"Magnolia fraseri",36.123628,-81.821263
"Magnolia fraseri",36.212621,-81.689607
"Magnolia fraseri",35.085048,-82.823103
"Magnolia fraseri",35.058822,-84.491412
"Magnolia fraseri",37.118343,-82.681341
"Magnolia fraseri",35.32,-82.77
"Magnolia fraseri",35.20817,-82.238448
"Magnolia fraseri",36.556222,-80.401372
"Magnolia fraseri",35.348625,-82.778488
"Magnolia fraseri",36.089639,-81.834808
"Magnolia fraseri",36.636816,-81.608604
"Magnolia fraseri",38.056697,-81.075997
"Magnolia fraseri",36.090219,-81.802186
"Magnolia fraseri",35.263978,-82.459145
"Magnolia fraseri",35.754045,-83.215522
"Magnolia fraseri",36.136982,-82.351637
"Magnolia fraseri",35.278576,-82.754312
"Magnolia fraseri",35.770976,-82.164572
"Magnolia fraseri",39.098269,-79.560969
"Magnolia fraseri",35.083441,-82.580556
"Magnolia fraseri",36.100088,-81.806506
"Magnolia fraseri",36.798492,-80.374062
"Magnolia fraseri",34.979928,-84.580362
"Magnolia fraseri",38.053422,-81.08918
"Magnolia fraseri",36.415861,-80.268494
"Magnolia fraseri",35.266083,-82.451378
"Magnolia fraseri",35.110016,-82.845047
"Magnolia fraseri",34.866769,-83.339467
"Magnolia fraseri",35.600254,-81.610641
"Magnolia fraseri",35.884378,-82.809762
"Magnolia fraseri",36.121036,-82.085411
"Magnolia fraseri",38.615391,-79.844228
"Magnolia fraseri",36.764692,-81.228432
"Magnolia fraseri",35.758935,-82.190283
"Magnolia fraseri",36.248305,-81.45562
"Magnolia fraseri",35.756316,-83.212337
"Magnolia fraseri",36.320941,-81.367744
"Magnolia fraseri",35.657799,-82.297359
"Magnolia fraseri",36.120067,-81.785967
"Magnolia fraseri",35.574381,-82.32123
"Magnolia fraseri",34.775556,-83.224167
"Magnolia fraseri",36.689808,-81.406272
"Magnolia fraseri",36.209087,-81.688689
"Magnolia fraseri",35.082664,-83.612528
"Magnolia fraseri",35.535689,-83.880935
"Magnolia fraseri",35.634788,-83.469844
"Magnolia fraseri",35.687001,-83.397173
"Magnolia fraseri",36.359874,-81.366128
"Magnolia fraseri",35.351575,-82.771637
"Magnolia fraseri",39.099097,-79.519628
"Magnolia fraseri",36.162533,-82.096992
"Magnolia fraseri",35.725824,-82.409081
"Magnolia fraseri",35.103947,-82.888755
"Magnolia fraseri",34.85823,-84.648832
"Magnolia fraseri",36.570451,-81.573279
"Magnolia fraseri",35.738513,-83.278388
"Magnolia fraseri",37.303997,-82.35098
"Magnolia fraseri",35.0833,-84.0333
"Magnolia fraseri",35.155233,-83.551714
"Magnolia fraseri",36.8625,-83.372898
"Magnolia fraseri",35.340915,-82.812752
"Magnolia fraseri",35.169995,-83.5784
"Magnolia fraseri",35.676412,-83.750492
"Magnolia fraseri",35.952703,-82.560272
"Magnolia fraseri",36.55949,-81.931925
"Magnolia fraseri",36.050692,-81.860124
"Magnolia fraseri",34.699585,-83.142567
"Magnolia fraseri",36.361135,-81.364633
"Magnolia fraseri",35.91875,-81.900742
"Magnolia fraseri",35.036878,-83.261869
"Magnolia fraseri",34.970562,-83.105087
"Magnolia fraseri",36.359818,-81.366004
"Magnolia fraseri",34.995833,-82.763611
"Magnolia fraseri",35.72575,-81.968117
"Magnolia fraseri",34.740087,-83.828338
"Magnolia fraseri",35.942897,-82.890938
"Magnolia fraseri",36.122327,-81.821403
"Magnolia fraseri",37.214486,-80.940424
"Magnolia fraseri",35.77444,-82.96027
"Magnolia fraseri",36.275,-81.8375
"Magnolia fraseri",35.614467,-82.142861
"Magnolia fraseri",36.992811,-82.98484
"Magnolia fraseri",36.97134,-83.08111
"Magnolia fraseri",35.905762,-82.762958
"Magnolia fraseri",36.746763,-80.293678
"Magnolia fraseri",37.294775,-82.304759
"Magnolia fraseri",35.223625,-83.654428
"Magnolia fraseri",35.158833,-83.013047
"Magnolia fraseri",35.321819,-82.827996
"Magnolia fraseri",36.398568,-80.288349
"Magnolia fraseri",39.026156,-79.65301
"Magnolia fraseri",38.06424,-81.085114
"Magnolia fraseri",35.481862,-82.186995
"Magnolia fraseri",35.68253,-83.39646
"Magnolia fraseri",35.735155,-83.277278
"Magnolia fraseri",36.995158,-82.983528
"Magnolia fraseri",35.107725,-82.561249
"Magnolia fraseri",35.034068,-82.708127
"Magnolia fraseri",34.985642,-83.072517
"Magnolia fraseri",35.470692,-82.33874
"Magnolia fraseri",35.43333,-84
"Magnolia fraseri",39.098056,-79.560833
"Magnolia fraseri",35.163056,-82.64
"Magnolia fraseri",35.915168,-81.877491
"Magnolia fraseri",38.063148,-81.057401
"Magnolia fraseri",35.482761,-82.187525
"Magnolia fraseri",38.22672,-80.945288
"Magnolia fraseri",35.105908,-82.627276
"Magnolia fraseri",36.129287,-81.770238
"Magnolia fraseri",35.050686,-83.191222
"Magnolia fraseri",36.473484,-81.970135
"Magnolia fraseri",35.689605,-83.396133
"Magnolia fraseri",39.7903,-79.637
"Magnolia fraseri",38.21841,-80.778194
"Magnolia fraseri",35.653703,-83.580444
"Magnolia fraseri",35.640663,-82.108919
"Magnolia fraseri",36.215528,-81.601412
"Magnolia fraseri",36.473771,-81.949223
"Magnolia fraseri",36.1486,-81.807378
"Magnolia fraseri",35.203106,-82.623719
"Magnolia fraseri",37.28626,-82.30493
"Magnolia fraseri",35.056039,-82.802788
"Magnolia fraseri",35.652388,-83.655062
"Magnolia fraseri",36.180749,-82.110566
"Magnolia fraseri",38.056892,-81.062569
"Magnolia fraseri",35.738184,-83.278284
"Magnolia fraseri",36.219316,-81.481619
"Magnolia fraseri",35.085767,-83.154166
"Magnolia fraseri",35.690133,-83.538108
"Magnolia fraseri",35.759491,-83.270668
"Magnolia fraseri",36.393847,-81.055772
"Magnolia fraseri",36.170022,-82.098207
"Magnolia fraseri",36.174751,-81.659199
"Magnolia fraseri",36.864221,-81.95179
"Magnolia fraseri",35.086578,-83.721468
"Magnolia fraseri",38.06934,-81.08913
"Magnolia fraseri",34.766353,-83.400954
"Magnolia fraseri",35.281844,-83.581878
"Magnolia fraseri",34.819205,-83.723729
"Magnolia fraseri",38.007347,-81.025554
"Magnolia fraseri",36.088567,-81.82215
"Magnolia fraseri",38.056277,-81.075919
"Magnolia fraseri",35.404036,-82.67084
"Magnolia fraseri",36.138674,-81.681019
"Magnolia fraseri",36.35947,-81.366805
"Magnolia fraseri",35.760339,-83.237575
"Magnolia fraseri",39.100556,-79.52918
"Magnolia fraseri",36.050864,-81.857444
"Magnolia fraseri",34.96765,-83.118161
"Magnolia fraseri",37.293949,-82.309241
"Magnolia fraseri",36.126442,-81.682813
"Magnolia fraseri",35.448425,-83.793836
"Magnolia fraseri",35.258922,-83.343638
"Magnolia fraseri",36.252888,-81.415254
"Magnolia fraseri",35.747326,-83.19917
"Magnolia fraseri",35.681881,-83.478343
"Magnolia fraseri",36.124585,-81.843336
"Magnolia fraseri",35.368737,-82.769501
"Magnolia fraseri",36.049939,-82.563622
"Magnolia fraseri",35.897366,-81.899789
"Magnolia fraseri",35.032845,-83.015727
"Magnolia fraseri",38.062968,-81.059287
"Magnolia fraseri",36.392677,-80.22639
"Magnolia fraseri",36.119242,-81.831071
"Magnolia fraseri",36.388253,-81.047775
"Magnolia fraseri",35.68187,-83.491345
"Magnolia fraseri",36.122092,-82.086071
"Magnolia fraseri",38.053936,-81.059228
"Magnolia fraseri",35.199497,-82.617538
"Magnolia fraseri",37.099203,-82.769052
"Magnolia fraseri",37.293752,-82.302585
"Magnolia fraseri",35.578912,-83.372879
"Magnolia fraseri",35.645952,-82.299023
"Magnolia fraseri",35.397008,-83.566292
"Magnolia fraseri",35.519918,-82.427289
"Magnolia fraseri",36.213487,-81.687424
"Magnolia fraseri",36.919571,-82.627434
"Magnolia fraseri",35.820039,-83.488695
"Magnolia fraseri",36.222418,-81.941674
"Magnolia fraseri",35.108354,-83.198225
"Magnolia fraseri",35.752656,-83.273669
"Magnolia fraseri",36.011525,-81.937575
"Magnolia fraseri",35.755572,-82.354372
"Magnolia fraseri",35.11855,-83.026908
"Magnolia fraseri",36.120629,-81.77883
"Magnolia fraseri",36.098283,-81.797587
"Magnolia fraseri",36.760863,-81.250616
"Magnolia fraseri",35.479725,-82.625953
"Magnolia fraseri",35.758566,-83.481205
"Magnolia fraseri",35.157726,-82.998933
"Magnolia fraseri",37.088126,-81.268747
"Magnolia fraseri",35.197662,-83.540855
"Magnolia fraseri",35.216514,-83.017139
"Magnolia fraseri",36.174541,-81.733681
"Magnolia fraseri",35.575829,-83.767358
"Magnolia fraseri",36.082897,-81.829911
"Magnolia fraseri",35.472838,-83.427597
"Magnolia fraseri",35.68013,-83.508003
"Magnolia fraseri",34.809306,-83.257554
"Magnolia fraseri",36.412124,-81.210018
"Magnolia fraseri",35.78579,-81.846593
"Magnolia fraseri",35.605692,-83.870542
"Magnolia fraseri",35.164003,-82.731317
"Magnolia fraseri",35.947922,-81.93757
"Magnolia fraseri",36.091346,-81.814362
"Magnolia fraseri",35.2659,-82.449702
"Magnolia fraseri",36.17032,-81.64733
"Magnolia fraseri",35.671745,-82.002906
"Magnolia fraseri",34.752711,-83.916832
"Magnolia fraseri",36.615425,-81.823685
"Magnolia fraseri",35.707317,-82.250642
"Magnolia fraseri",35.264097,-82.457734
"Magnolia fraseri",35.634783,-83.732119
"Magnolia fraseri",35.968247,-81.116581
"Magnolia fraseri",35.165,-83.035478
"Magnolia fraseri",36.49323,-81.514118
"Magnolia fraseri",35.096921,-83.718774
"Magnolia fraseri",35.591966,-82.493742
"Magnolia fraseri",35.281908,-82.793502
"Magnolia fraseri",35.660113,-83.535297
"Magnolia fraseri",36.411428,-81.083847
"Magnolia fraseri",35.704178,-83.347022
"Magnolia fraseri",35.042599,-82.714485
"Magnolia fraseri",35.256263,-82.531432
"Magnolia fraseri",36.149147,-82.225468
"Magnolia fraseri",35.726087,-83.026817
"Magnolia fraseri",35.890325,-81.885872
"Magnolia fraseri",35.708722,-83.320503
"Magnolia fraseri",35.400153,-83.485144
"Magnolia fraseri",35.445855,-83.958253
"Magnolia fraseri",36.05792,-82.57395
"Magnolia fraseri",37.190556,-81.303056
"Magnolia fraseri",36.45927,-81.83089
"Magnolia fraseri",36.40452,-81.95028
"Magnolia fraseri",36.097024,-81.811332
"Magnolia fraseri",35.455893,-82.195844
"Magnolia fraseri",34.893153,-83.558517
"Magnolia fraseri",34.749444,-83.443056
"Magnolia fraseri",36.719688,-80.70198
"Magnolia fraseri",34.761932,-83.938749
"Magnolia fraseri",35.609539,-83.740692
"Magnolia fraseri",37.988888,-80.946213
"Magnolia fraseri",38.055805,-81.061646
"Magnolia fraseri",36.157067,-82.015206
"Magnolia fraseri",36.049363,-82.557866
"Magnolia fraseri",36.66595,-81.638172
"Magnolia fraseri",36.136379,-81.847313
"Magnolia fraseri",36.254759,-82.123421
"Magnolia fraseri",35.088097,-82.954772
"Magnolia fraseri",36.137587,-82.353022
"Magnolia fraseri",35.313038,-83.512782
"Magnolia fraseri",36.118289,-81.79563
"Magnolia fraseri",34.970215,-83.387101
"Magnolia fraseri",35.70348,-83.347855
"Magnolia fraseri",35.770331,-83.110367
"Magnolia fraseri",35.672486,-83.582504
"Magnolia fraseri",35.096446,-83.858626
"Magnolia fraseri",36.151302,-81.781176
"Magnolia fraseri",38.059929,-81.060789
"Magnolia fraseri",36.554408,-80.400244
"Magnolia fraseri",35.729689,-82.03617
"Magnolia fraseri",35.758614,-83.196823
"Magnolia fraseri",36.121574,-82.084831
"Magnolia fraseri",36.27042,-81.461105
"Magnolia fraseri",35.448826,-82.665688
"Magnolia fraseri",35.624562,-83.177567
"Magnolia fraseri",36.412566,-82.096411
"Magnolia fraseri",35.411517,-82.199157
"Magnolia fraseri",35.845077,-82.093596
"Magnolia fraseri",36.144772,-81.630255
"Magnolia fraseri",35.041369,-83.414467
"Magnolia fraseri",36.145734,-81.712668
"Magnolia fraseri",36.08333,-81.78333
"Magnolia fraseri",34.812335,-83.141045
"Magnolia fraseri",34.98645,-82.832467
"Magnolia fraseri",34.986167,-82.838482
"Magnolia fraseri",34.674722,-82.818611
"Magnolia fraseri",35.328003,-84.051025
"Magnolia fraseri",36.255188,-82.364713
"Magnolia fraseri",35.685178,-83.543836
"Magnolia fraseri",34.94785,-83.590661
"Magnolia fraseri",35.637571,-81.929382
"Magnolia fraseri",35.34973,-83.896
"Magnolia fraseri",36.388525,-80.270427
"Magnolia fraseri",35.714061,-83.578273
"Magnolia fraseri",36.082696,-81.831021
"Magnolia fraseri",35.385525,-82.729247
"Magnolia fraseri",35.723765,-82.042044
"Magnolia fraseri",35.433031,-82.250807
"Magnolia fraseri",38.529902,-79.839933
"Magnolia fraseri",35.2334,-82.7343
"Magnolia fraseri",38.790372,-79.54715
"Magnolia fraseri",35.231537,-82.576114
"Magnolia fraseri",35.38422,-84.191549
"Magnolia fraseri",36.336702,-81.469328
"Magnolia fraseri",35.522125,-82.345925
"Magnolia fraseri",36.819856,-80.218382
"Magnolia fraseri",35.7975,-82.950793
"Magnolia fraseri",35.4942,-83.1797
"Magnolia fraseri",36.1508,-81.751228
"Magnolia fraseri",35.613686,-82.307219
"Magnolia fraseri",36.162936,-82.099236
"Magnolia fraseri",35.687008,-83.464175
"Magnolia fraseri",35.456535,-82.167761
"Magnolia fraseri",35.735172,-83.277337
"Magnolia fraseri",35.755792,-82.350082
"Magnolia fraseri",36.915131,-82.893708
"Magnolia fraseri",35.7028,-83.349687
"Magnolia fraseri",35.002058,-83.454326
"Magnolia fraseri",39.100322,-79.52955
"Magnolia fraseri",36.91,-82.62
"Magnolia fraseri",37.299967,-82.297396
"Magnolia fraseri",38.939167,-79.668056
"Magnolia fraseri",37.591462,-81.150125
"Magnolia fraseri",37.69262,-80.884791
"Magnolia fraseri",38.163214,-81.199737
"Magnolia fraseri",38.195285,-80.260405
"Magnolia fraseri",36.791059,-80.359328
"Magnolia fraseri",36.099061,-81.800498
"Magnolia fraseri",36.272668,-82.132537
"Magnolia fraseri",36.337011,-81.681905
"Magnolia fraseri",35.661836,-83.712253
"Magnolia fraseri",35.277355,-82.790962
"Magnolia fraseri",35.02333,-83.4875
"Magnolia fraseri",36.083333,-81.808333
"Magnolia fraseri",35.679725,-83.483445
"Magnolia fraseri",36.128298,-81.466879
"Magnolia fraseri",35.66726,-83.665492
"Magnolia fraseri",35.640686,-83.571647
"Magnolia fraseri",36.213157,-81.688368
"Magnolia fraseri",36.058761,-82.585517
"Magnolia fraseri",34.952422,-84.81997
"Magnolia fraseri",36.683858,-81.521387
"Magnolia fraseri",35.296015,-82.666937
"Magnolia fraseri",35.828359,-81.871791
"Magnolia fraseri",35.083481,-83.619805
"Magnolia fraseri",36.161911,-81.877922
"Magnolia fraseri",35.707275,-82.250625
"Magnolia fraseri",37.147646,-82.62728
"Magnolia fraseri",35.155672,-82.740403
"Magnolia fraseri",36.597178,-81.771425
"Magnolia fraseri",35.518617,-82.431967
"Magnolia fraseri",36.211955,-81.656469
"Magnolia fraseri",35.432182,-82.244773
"Magnolia fraseri",35.400637,-82.672473
"Magnolia fraseri",34.793774,-83.130432
"Magnolia fraseri",36.390925,-80.263829
"Magnolia fraseri",35.18842,-82.610497
"Magnolia fraseri",35.031692,-83.015623
"Magnolia fraseri",35.967842,-81.117085
"Magnolia fraseri",35.517155,-82.635173
"Magnolia fraseri",39.100134,-79.525792
"Magnolia fraseri",35.359643,-83.9326
"Magnolia fraseri",35.368814,-82.769608
"Magnolia fraseri",35.077637,-84.463516
"Magnolia fraseri",35.444595,-82.73558
"Magnolia fraseri",35.675575,-83.448356
"Magnolia fraseri",36.180214,-81.847478
"Magnolia fraseri",36.143611,-81.79113
"Magnolia fraseri",35.756772,-82.223862
"Magnolia fraseri",34.90874,-83.416786
"Magnolia fraseri",35.527162,-83.50757
"Magnolia fraseri",36.213266,-81.688359
"Magnolia fraseri",35.680175,-83.645133
"Magnolia fraseri",35.265579,-82.497603
"Magnolia fraseri",35.082072,-82.753997
"Magnolia fraseri",35.727303,-83.490713
"Magnolia fraseri",35.074158,-82.998591
"Magnolia fraseri",35.691789,-83.392136
"Magnolia fraseri",36.131203,-81.786201
"Magnolia fraseri",36.006058,-82.75145
"Magnolia fraseri",35.43443,-82.253892
"Magnolia fraseri",36.040267,-82.602596
"Magnolia fraseri",35.828167,-82.226447
"Magnolia fraseri",35.344272,-82.664186
"Magnolia fraseri",35.668539,-83.478136
"Magnolia fraseri",38.057263,-81.076263
"Magnolia fraseri",36.661069,-83.564292
"Magnolia fraseri",35.645489,-83.582416
"Magnolia fraseri",36.118801,-81.842415
"Magnolia fraseri",35.103391,-82.792521
"Magnolia fraseri",36.412824,-82.096357
"Magnolia fraseri",35.944997,-81.933053
"Magnolia fraseri",36.174553,-82.078508
"Magnolia fraseri",36.114123,-81.783097
"Magnolia fraseri",35.086519,-82.578698
"Magnolia fraseri",36.211478,-81.68927
"Magnolia fraseri",36.21353,-81.687555
"Magnolia fraseri",35.545918,-83.838405
"Magnolia fraseri",35.714052,-83.578276
"Magnolia fraseri",35.168146,-82.59942
"Magnolia fraseri",35.165634,-83.033508
"Magnolia fraseri",38.228674,-80.858968
"Magnolia fraseri",35.247282,-82.641042
"Magnolia fraseri",36.359394,-81.366659
"Magnolia fraseri",35.538933,-82.162979
"Magnolia fraseri",36.622703,-81.771805
"Magnolia fraseri",35.171438,-82.600854
"Magnolia fraseri",36.036595,-82.579048
"Magnolia fraseri",36.382789,-80.281059
"Magnolia fraseri",34.945723,-82.810153
"Magnolia fraseri",34.983788,-82.805642
"Magnolia fraseri",36.184805,-81.63478
"Magnolia fraseri",35.461049,-82.64362
"Magnolia fraseri",39.100403,-79.529542
"Magnolia fraseri",38.988517,-79.639855
"Magnolia fraseri",35.67785,-83.456443
"Magnolia fraseri",35.068866,-83.238439
"Magnolia fraseri",35.949883,-81.929786
"Magnolia fraseri",34.947442,-82.806858
"Magnolia fraseri",35.101494,-82.943717
"Magnolia fraseri",35.671401,-83.698229
"Magnolia fraseri",35.088566,-82.952157
"Magnolia fraseri",36.485107,-82.675617
"Magnolia fraseri",35.655731,-82.297559
"Magnolia fraseri",37.288574,-82.29489
"Magnolia fraseri",35.678119,-83.528436
"Magnolia fraseri",35.903815,-81.968994
"Magnolia fraseri",35.707337,-82.250633
"Magnolia fraseri",34.95255,-82.944825
"Magnolia fraseri",35.240242,-83.919137
"Magnolia fraseri",36.209924,-81.692759
"Magnolia fraseri",35.086844,-83.614525
"Magnolia fraseri",36.980913,-83.024819
"Magnolia fraseri",36.259768,-81.288004
"Magnolia fraseri",35.642621,-83.566155
"Magnolia fraseri",35.482596,-82.187692
"Magnolia fraseri",35.587964,-82.307994
"Magnolia fraseri",35.231031,-82.572331
"Magnolia fraseri",35.679481,-83.459939
"Magnolia fraseri",38.120048,-80.157441
"Magnolia fraseri",35.478093,-83.163331
"Magnolia fraseri",35.492587,-82.611848
"Magnolia fraseri",35.083558,-83.137719
"Magnolia fraseri",36.780461,-81.483728
"Magnolia fraseri",36.105323,-81.304911
"Magnolia fraseri",35.337897,-83.820137
"Magnolia fraseri",35.063746,-82.774055
"Magnolia fraseri",36.471188,-81.954278
"Magnolia fraseri",36.089126,-81.840144
"Magnolia fraseri",35.262654,-83.983616
"Magnolia fraseri",35.202067,-82.622845
"Magnolia fraseri",36.156961,-81.687534
"Magnolia fraseri",35.593016,-83.788899
"Magnolia fraseri",35.39545,-83.102753
"Magnolia fraseri",35.019775,-83.094414
"Magnolia fraseri",36.098178,-81.797569
"Magnolia fraseri",36.097829,-81.798384
"Magnolia fraseri",36.052437,-81.891509
"Magnolia fraseri",36.370026,-81.265175
"Magnolia fraseri",35.629938,-82.495375
"Magnolia fraseri",35.08496,-82.58567
"Magnolia fraseri",34.85,-84.65
"Magnolia fraseri",35.665651,-83.716463
"Magnolia fraseri",38.050586,-81.075775
"Magnolia fraseri",35.681792,-83.489601
"Magnolia fraseri",36.22946,-82.380206
"Magnolia fraseri",35.832603,-82.189537
"Magnolia fraseri",36.36729,-80.843348
"Magnolia fraseri",39.058497,-79.687387
"Magnolia fraseri",35.087608,-82.480847
"Magnolia fraseri",36.150833,-81.723183
"Magnolia fraseri",36.35532,-80.678974
"Magnolia fraseri",36.884127,-81.520385
"Magnolia fraseri",36.359653,-81.366425
"Magnolia fraseri",34.742775,-83.922028
"Magnolia fraseri",36.301178,-81.658486
"Magnolia fraseri",35.318433,-84.160375
"Magnolia fraseri",35.345025,-82.666305
"Magnolia fraseri",35.054428,-83.435178
"Magnolia fraseri",35.494901,-82.60736
"Magnolia fraseri",36.099088,-81.780871
"Magnolia fraseri",35.682852,-83.489795
"Magnolia fraseri",36.083308,-81.829788
"Magnolia fraseri",36.885034,-81.518554
"Magnolia fraseri",35.463459,-82.633243
"Magnolia fraseri",37.497693,-81.140879
"Magnolia fraseri",38.054172,-81.060519
"Magnolia fraseri",35.540203,-82.334755
"Magnolia fraseri",35.831949,-81.835277
"Magnolia fraseri",35.82702,-81.894513
"Magnolia fraseri",35.183533,-82.9729
"Magnolia fraseri",38.056734,-81.075975
"Magnolia fraseri",36.085003,-81.846251
"Magnolia fraseri",36.110414,-81.814239
"Magnolia fraseri",36.153022,-82.235738
"Magnolia fraseri",35.614868,-83.941422
"Magnolia fraseri",35.678242,-83.477585
"Magnolia fraseri",34.73772,-83.391747
"Magnolia fraseri",36.010368,-81.834753
"Magnolia fraseri",35.470583,-82.333328
"Magnolia fraseri",39.119491,-79.585056
"Magnolia fraseri",35.082956,-82.584878
"Magnolia fraseri",36.212033,-81.657013
"Magnolia fraseri",35.592262,-83.855942
"Magnolia fraseri",36.200937,-81.793037
"Magnolia fraseri",35.542438,-82.473599
"Magnolia fraseri",35.594492,-81.635246
"Magnolia fraseri",34.529003,-83.419445
"Magnolia fraseri",35.04417,-82.904199
"Magnolia fraseri",35.307242,-82.77575
"Magnolia fraseri",36.089886,-81.834913
"Magnolia fraseri",35.201544,-82.24927
"Magnolia fraseri",38.18052,-80.339338
"Magnolia fraseri",34.794065,-83.12856
"Magnolia fraseri",35.88924,-81.884976
"Magnolia fraseri",34.764747,-83.308297
"Magnolia fraseri",35.25898,-82.52562
"Magnolia fraseri",36.157045,-81.872803
"Magnolia fraseri",35.088748,-82.954475
"Magnolia fraseri",34.746772,-83.480069
"Magnolia fraseri",34.878937,-83.653382
"Magnolia fraseri",38.45888,-80.18518
"Magnolia fraseri",38.05492,-81.056878
"Magnolia fraseri",39.125738,-79.585869
"Magnolia fraseri",35.19778,-82.611228
"Magnolia fraseri",35.147112,-82.691899
"Magnolia fraseri",35.750275,-82.225235
"Magnolia fraseri",36.313163,-82.116792
"Magnolia fraseri",36.193597,-81.87635
"Magnolia fraseri",35.598038,-83.737778
"Magnolia fraseri",35.477096,-82.644321
"Magnolia fraseri",35.343365,-82.65869
"Magnolia fraseri",39.11907,-79.596275
"Magnolia fraseri",36.122201,-81.828181
"Magnolia fraseri",35.664692,-83.525331
"Magnolia fraseri",35.643862,-83.581817
"Magnolia fraseri",36.356333,-81.372264
"Magnolia fraseri",35.811283,-82.3154
"Magnolia fraseri",35.3597,-83.932647
"Magnolia fraseri",36.1189,-81.832388
"Magnolia fraseri",35.259168,-83.421981
"Magnolia fraseri",35.358952,-83.929082
"Magnolia fraseri",35.130882,-83.015418
"Magnolia fraseri",36.41296,-80.252398
"Magnolia fraseri",36.321861,-81.368954
"Magnolia fraseri",35.129303,-83.278417
"Magnolia fraseri",35.675097,-83.486487
"Magnolia fraseri",35.319738,-84.035582
"Magnolia fraseri",36.380704,-81.150206
"Magnolia fraseri",38.786771,-80.033862
"Magnolia fraseri",36.975485,-82.55656
"Magnolia fraseri",34.6685,-83.315322
"Magnolia fraseri",34.873851,-83.575037
"Magnolia fraseri",35.298928,-83.727188
"Magnolia fraseri",35.150695,-82.75602
"Magnolia fraseri",36.118988,-82.392202
"Magnolia fraseri",35.05611,-83.183147
"Magnolia fraseri",36.14891,-82.225886
"Magnolia fraseri",35.944897,-81.933136
"Magnolia fraseri",36.211692,-81.692083
"Magnolia fraseri",35.89608,-81.888635
"Magnolia fraseri",38.17422,-80.3349
"Magnolia fraseri",38.054199,-81.060555
"Magnolia fraseri",35.479834,-82.188295
"Magnolia fraseri",36.862409,-83.377435
"Magnolia fraseri",38.046254,-81.068437
"Magnolia fraseri",35.092179,-83.72347
"Magnolia fraseri",35.643517,-82.303035
"Magnolia fraseri",35.129283,-82.778113
"Magnolia fraseri",35.182186,-84.438496
"Magnolia fraseri",35.482368,-82.624429
"Magnolia fraseri",36.252119,-81.411877
"Magnolia fraseri",35.277306,-82.790901
"Magnolia fraseri",35.39892,-83.909106
"Magnolia fraseri",36.123336,-81.82245
"Magnolia fraseri",35.105806,-82.62732
"Magnolia fraseri",36.12154,-81.776829
"Magnolia fraseri",39.100403,-79.52928
"Magnolia fraseri",36.684527,-81.541986
"Magnolia fraseri",36.249597,-81.455087
"Magnolia fraseri",35.351758,-82.771505
"Magnolia fraseri",35.733581,-82.956709
"Magnolia fraseri",34.67298,-82.823158
"Magnolia fraseri",36.099328,-81.613747
"Magnolia fraseri",35.070358,-83.19953
"Magnolia fraseri",35.699935,-83.871051
"Magnolia fraseri",37.986265,-80.959898
"Magnolia fraseri",36.131454,-81.786799
"Magnolia fraseri",35.765269,-83.144441
"Magnolia fraseri",35.335678,-82.760047
"Magnolia fraseri",36.196858,-81.582629
"Magnolia fraseri",34.856572,-83.813042
"Magnolia fraseri",35.61639,-83.749687
"Magnolia fraseri",35.824663,-82.122414
"Magnolia fraseri",38.057011,-81.045143
"Magnolia fraseri",35.471908,-82.333825
"Magnolia fraseri",36.359395,-81.366822
"Magnolia fraseri",35.604678,-83.868872
"Magnolia fraseri",36.113107,-81.786067
"Magnolia fraseri",35.2659,-84.26255
"Magnolia fraseri",35.0831,-83.079353
"Magnolia fraseri",34.692388,-83.766534
"Magnolia fraseri",34.737688,-83.391783
"Magnolia fraseri",35.192408,-82.617095
"Magnolia fraseri",35.875837,-82.771172
"Magnolia fraseri",36.321694,-81.368394
"Magnolia fraseri",35.678572,-83.851455
"Magnolia fraseri",36.46159,-82.080149
"Magnolia fraseri",36.363129,-81.267181
"Magnolia fraseri",35.096325,-83.858612
"Magnolia fraseri",35.630676,-83.848946
"Magnolia fraseri",39.125361,-79.583871
"Magnolia fraseri",36.056903,-81.850075
"Magnolia fraseri",35.637722,-81.748695
"Magnolia fraseri",36.213946,-81.687403
"Magnolia fraseri",35.067069,-84.461535
"Magnolia fraseri",36.221431,-81.622212
"Magnolia fraseri",36.064037,-82.523338
"Magnolia fraseri",36.123686,-81.683656
"Magnolia fraseri",35.754607,-83.27165
"Magnolia fraseri",36.823313,-80.063714
"Magnolia fraseri",38.923084,-79.66701
"Magnolia fraseri",34.982606,-82.809368
"Magnolia fraseri",36.279244,-82.138994
"Magnolia fraseri",35.08493,-82.580972
"Magnolia fraseri",35.279738,-82.788262
"Magnolia fraseri",35.818351,-82.14898
"Magnolia fraseri",35.894021,-82.132041
"Magnolia fraseri",36.124802,-82.528168
"Magnolia fraseri",35.648383,-83.66368
"Magnolia fraseri",37.306644,-80.800464
"Magnolia fraseri",36.09552,-81.812632
"Magnolia fraseri",35.099388,-82.792021
"Magnolia fraseri",35.691563,-83.392372
"Magnolia fraseri",37.983138,-80.947318
"Magnolia fraseri",39.126823,-79.584765
"Magnolia fraseri",36.654047,-80.78558
"Magnolia fraseri",34.726172,-83.676758
"Magnolia fraseri",36.479978,-81.96188
"Magnolia fraseri",36.11991,-81.831519
"Magnolia fraseri",36.405252,-80.979766
"Magnolia fraseri",38.05767,-81.076605
"Magnolia fraseri",36.699219,-81.509277
"Magnolia fraseri",35.691508,-83.392531
"Magnolia fraseri",39.002377,-79.629765
"Magnolia fraseri",38.6247,-79.841702
"Magnolia fraseri",36.167145,-82.011863
"Magnolia fraseri",35.233087,-82.599055
"Magnolia fraseri",38.911325,-79.768641
"Magnolia fraseri",35.612485,-82.566019
"Magnolia fraseri",35.757077,-83.209358
"Magnolia fraseri",34.736642,-83.923278
"Magnolia fraseri",34.84791,-83.486792
"Magnolia fraseri",36.391368,-80.264699
"Magnolia fraseri",35.688129,-83.403931
"Magnolia fraseri",35.735106,-83.276985
"Magnolia fraseri",36.196728,-81.59144
"Magnolia fraseri",35.728562,-83.240882
"Magnolia fraseri",36.113067,-81.784965
"Magnolia fraseri",36.386094,-80.287392
"Magnolia fraseri",37.842854,-81.065395
"Magnolia fraseri",38.048843,-81.075227
"Magnolia fraseri",35.769875,-82.827539
"Magnolia fraseri",36.131192,-81.668758
"Magnolia fraseri",35.600485,-82.552995
"Magnolia fraseri",34.737201,-83.928246
"Magnolia fraseri",36.393101,-80.269019
"Magnolia fraseri",35.507035,-83.954794
"Magnolia fraseri",35.308083,-82.775095
"Magnolia fraseri",34.769914,-84.096847
"Magnolia fraseri",35.086361,-82.953659
"Magnolia fraseri",36.40683,-80.254822
"Magnolia fraseri",35.474499,-82.328064
"Magnolia fraseri",35.479041,-82.337297
"Magnolia fraseri",35.354238,-83.936853
"Magnolia fraseri",37.848476,-81.061301
"Magnolia fraseri",36.825637,-81.505538
"Magnolia fraseri",35.895165,-81.898515
"Magnolia fraseri",37.831397,-81.062468
"Magnolia fraseri",35.593253,-82.31275
"Magnolia fraseri",36.167349,-82.0913
"Magnolia fraseri",36.148317,-81.693285
"Magnolia fraseri",36.411521,-80.253975
"Magnolia fraseri",35.882945,-81.885395
"Magnolia fraseri",38.054317,-81.060553
"Magnolia fraseri",35.252695,-82.452292
"Magnolia fraseri",35.66569,-83.68386
"Magnolia fraseri",36.24355,-81.562438
"Magnolia fraseri",35.637848,-82.309425
"Magnolia fraseri",36.211922,-81.6922
"Magnolia fraseri",35.818812,-82.147933
"Magnolia fraseri",35.115272,-83.005408
"Magnolia fraseri",35.58162,-83.36912
"Magnolia fraseri",35.124138,-82.592001
"Magnolia fraseri",35.083183,-83.61867
"Magnolia fraseri",34.703595,-83.731662
"Magnolia fraseri",36.884211,-81.522036
"Magnolia fraseri",35.597203,-83.847122
"Magnolia fraseri",35.398905,-83.289606
"Magnolia fraseri",35.153858,-83.022113
"Magnolia fraseri",36.264101,-82.3634
"Magnolia fraseri",35.35974,-83.932776
"Magnolia fraseri",35.358908,-83.928733
"Magnolia fraseri",35.031867,-83.063911
"Magnolia fraseri",35.067806,-84.474137
"Magnolia fraseri",37.778105,-81.148224
"Magnolia fraseri",36.155106,-81.786676
"Magnolia fraseri",35.646358,-83.55614
"Magnolia fraseri",36.1627,-81.781638
"Magnolia fraseri",35.110714,-82.619842
"Magnolia fraseri",34.763782,-83.927425
"Magnolia fraseri",36.559612,-80.746643
"Magnolia fraseri",35.681917,-83.492103
"Magnolia fraseri",35.246162,-82.65097
"Magnolia fraseri",35.09087,-82.61902
"Magnolia fraseri",35.833467,-82.193833
"Magnolia fraseri",35.286575,-82.328366
"Magnolia fraseri",35.432766,-82.246676
"Magnolia fraseri",35.109105,-82.658189
"Magnolia fraseri",35.645218,-83.690547
"Magnolia fraseri",34.786139,-83.727644
"Magnolia fraseri",36.686439,-81.518989
"Magnolia fraseri",35.481815,-82.186925
"Magnolia fraseri",36.394783,-81.054192
"Magnolia fraseri",35.635803,-83.907272
"Magnolia fraseri",35.282641,-82.731905
"Magnolia fraseri",36.887094,-82.61374
"Magnolia fraseri",38.919069,-79.6643
"Magnolia fraseri",36.702521,-82.004777
"Magnolia fraseri",36.194559,-81.588316
"Magnolia fraseri",35.057203,-82.579253
"Magnolia fraseri",35.449725,-82.202913
"Magnolia fraseri",35.265219,-82.723868
"Magnolia fraseri",35.681508,-83.489454
"Magnolia fraseri",36.087326,-81.839832
"Magnolia fraseri",36.396774,-81.049324
"Magnolia fraseri",36.133611,-81.734722
"Magnolia fraseri",36.910416,-82.633039
"Magnolia fraseri",35.600758,-81.635696
"Magnolia fraseri",35.597975,-81.626758
"Magnolia fraseri",36.205403,-81.358458
"Magnolia fraseri",35.107707,-82.626638
"Magnolia fraseri",35.504723,-82.439547
"Magnolia fraseri",35.46983,-82.337278
"Magnolia fraseri",35.64207,-83.574617
"Magnolia fraseri",36.766114,-82.787653
"Magnolia fraseri",36.176503,-81.657253
"Magnolia fraseri",36.361032,-81.36456
"Magnolia fraseri",35.712548,-82.88281
"Magnolia fraseri",35.284245,-82.728172
"Magnolia fraseri",35.605855,-83.082219
"Magnolia fraseri",36.049463,-82.563189
"Magnolia fraseri",38.078533,-81.076933
"Magnolia fraseri",35.464164,-82.654132
"Magnolia fraseri",35.307973,-82.775071
"Magnolia fraseri",35.475375,-82.640543
"Magnolia fraseri",36.861786,-82.446991
"Magnolia fraseri",35.887076,-81.884507
"Magnolia fraseri",35.755791,-82.179871
"Magnolia fraseri",35.925463,-82.85965
"Magnolia fraseri",37.838628,-81.066128
"Magnolia fraseri",35.203225,-82.619278
"Magnolia fraseri",35.496225,-82.609843
"Magnolia fraseri",35.546888,-83.832413
"Magnolia fraseri",35.075093,-83.52818
"Magnolia fraseri",36.145996,-81.711679
"Magnolia fraseri",35.737205,-83.136603
"Magnolia fraseri",35.968272,-81.116489
"Magnolia fraseri",35.714674,-82.235445
"Magnolia fraseri",35.034524,-83.255997
"Magnolia fraseri",35.129396,-82.65221
"Magnolia fraseri",36.213167,-81.688361
"Magnolia fraseri",36.118069,-81.782023
"Magnolia fraseri",36.142763,-81.717758
"Magnolia fraseri",34.92305,-84.2297
"Magnolia fraseri",35.770598,-81.881199
"Magnolia fraseri",37.516647,-81.154379
"Magnolia fraseri",35.600451,-83.773156
"Magnolia fraseri",35.38298,-83.119142
"Magnolia fraseri",35.966583,-81.944747
"Magnolia fraseri",34.728283,-83.967925
"Magnolia fraseri",36.921741,-82.637039
"Magnolia fraseri",37.299711,-82.297947
"Magnolia fraseri",36.048981,-82.56292
"Magnolia fraseri",36.223233,-81.294155
"Magnolia fraseri",35.687345,-83.397133
"Magnolia fraseri",35.640267,-83.56153
"Magnolia fraseri",35.756918,-81.871237
"Magnolia fraseri",37.28629,-82.293531
"Magnolia fraseri",35.112359,-83.102751
"Magnolia fraseri",37.98605,-80.941628
"Magnolia fraseri",35.519596,-82.427597
"Magnolia fraseri",35.476968,-82.334704
"Magnolia fraseri",35.37277,-82.814927
"Magnolia fraseri",36.392332,-80.26535
"Magnolia fraseri",36.268489,-81.460923
"Magnolia fraseri",36.32214,-81.368173
"Magnolia fraseri",35.651135,-82.302586
"Magnolia fraseri",35.044078,-82.814903
"Magnolia fraseri",35.311499,-82.787234
"Magnolia fraseri",36.098267,-81.800972
"Magnolia fraseri",36.141438,-81.69606
"Magnolia fraseri",35.266033,-82.447701
"Magnolia fraseri",35.643488,-83.581676
"Magnolia fraseri",35.146478,-83.133848
"Magnolia fraseri",35.953217,-82.891214
"Magnolia fraseri",35.677162,-83.45372
"Magnolia fraseri",36.428517,-80.962487
"Magnolia fraseri",36.359564,-81.366606
"Magnolia fraseri",36.359528,-81.367112
"Magnolia fraseri",36.661417,-81.576496
"Magnolia fraseri",36.484103,-80.466681
"Magnolia fraseri",36.117409,-81.788986
"Magnolia fraseri",35.071415,-83.603013
"Magnolia fraseri",35.495851,-82.605223
"Magnolia fraseri",35.138703,-82.653555
"Magnolia fraseri",35.48542,-82.357341
"Magnolia fraseri",35.392813,-83.289969
"Magnolia fraseri",36.104075,-81.818152
"Magnolia fraseri",36.050315,-81.891691
"Magnolia fraseri",35.263677,-82.457312
"Magnolia fraseri",36.119263,-81.829798
"Magnolia fraseri",35.083119,-83.079344
"Magnolia fraseri",35.433068,-83.819874
"Magnolia fraseri",36.009956,-82.774925
"Magnolia fraseri",34.998578,-83.105994
"Magnolia fraseri",35.67202,-83.570955
"Magnolia fraseri",35.345552,-84.226973
"Magnolia fraseri",36.391258,-80.263345
"Magnolia fraseri",35.083246,-83.235155
"Magnolia fraseri",36.828606,-82.732128
"Magnolia fraseri",37.018056,-82.195833
"Magnolia fraseri",35.223295,-82.860838
"Magnolia fraseri",35.100509,-82.713981
"Magnolia fraseri",34.738817,-83.924583
"Magnolia fraseri",35.770303,-82.831933
"Magnolia fraseri",35.733843,-83.27808
"Magnolia fraseri",35.763029,-83.147589
"Magnolia fraseri",36.041579,-81.905695
"Magnolia fraseri",36.117473,-81.789148
"Magnolia fraseri",36.056351,-81.851749
"Magnolia fraseri",38.924289,-79.666233
"Magnolia fraseri",36.048663,-82.563065
"Magnolia fraseri",35.72249,-83.111266
"Magnolia fraseri",36.627631,-81.503647
"Magnolia fraseri",38.254136,-80.517106
"Magnolia fraseri",34.94067,-82.886567
"Magnolia fraseri",35.196133,-82.614625
"Magnolia fraseri",35.119175,-82.922592
"Magnolia fraseri",35.359781,-83.932431
"Magnolia fraseri",36.245614,-81.457725
"Magnolia fraseri",36.114139,-81.791588
"Magnolia fraseri",35.46472,-82.654285
"Magnolia fraseri",36.250944,-81.412359
"Magnolia fraseri",34.723133,-83.675087
"Magnolia fraseri",35.695758,-83.389489
"Magnolia fraseri",35.817378,-82.15175
"Magnolia fraseri",35.43435,-82.253692
"Magnolia fraseri",38.057553,-81.054093
"Magnolia fraseri",35.577778,-83.760278
"Magnolia fraseri",35.464995,-83.433004
"Magnolia fraseri",35.359692,-83.932612
"Magnolia fraseri",36.130295,-82.140007
"Magnolia fraseri",35.074988,-83.468385
"Magnolia fraseri",35.369347,-83.252542
"Magnolia fraseri",35.662739,-83.713183
"Magnolia fraseri",34.806309,-83.117904
"Magnolia fraseri",35.102087,-82.692632
"Magnolia fraseri",35.107001,-82.65575
"Magnolia fraseri",37.075634,-82.772529
"Magnolia fraseri",35.065365,-82.77621
"Magnolia fraseri",35.603415,-83.73649
"Magnolia fraseri",35.581277,-83.734785
"Magnolia fraseri",35.270308,-82.853227
"Magnolia fraseri",35.801905,-82.957734
"Magnolia fraseri",35.87123,-83.005958
"Magnolia fraseri",35.238638,-82.515647
"Magnolia fraseri",35.212855,-84.103151
"Magnolia fraseri",38.054803,-81.076661
"Magnolia fraseri",35.281968,-83.581844
"Magnolia fraseri",34.878063,-83.346817
"Magnolia fraseri",35.180112,-82.82985
"Magnolia fraseri",35.889589,-81.88525
"Magnolia fraseri",36.211878,-81.681744
"Magnolia fraseri",36.052466,-81.891432
"Magnolia fraseri",36.087386,-81.839928
"Magnolia fraseri",35.254989,-82.527796
"Magnolia fraseri",35.180217,-82.274187
"Magnolia fraseri",35.756572,-81.918403
"Magnolia fraseri",36.17294,-81.527455
"Magnolia fraseri",35.827074,-81.894541
"Magnolia fraseri",36.714065,-81.474357
"Magnolia fraseri",35.477668,-82.347553
"Magnolia fraseri",36.122217,-81.8256
"Magnolia fraseri",35.159866,-83.027456
"Magnolia fraseri",36.168572,-81.511842
"Magnolia fraseri",36.261437,-82.11538
"Magnolia fraseri",35.275957,-82.317358
"Magnolia fraseri",36.051696,-81.858914
"Magnolia fraseri",34.879078,-83.653533
"Magnolia fraseri",34.711597,-83.633476
"Magnolia fraseri",36.334846,-81.743167
"Magnolia fraseri",35.096792,-83.857462
"Magnolia fraseri",35.213024,-83.633278
"Magnolia fraseri",35.748893,-83.346263
"Magnolia fraseri",34.985103,-82.964963
"Magnolia fraseri",35.112472,-82.61978
"Magnolia fraseri",36.010359,-81.360637
"Magnolia fraseri",36.298361,-81.342629
"Magnolia fraseri",36.361741,-81.367635
"Magnolia fraseri",36.861933,-83.378342
"Magnolia fraseri",36.411828,-82.100517
"Magnolia fraseri",35.35967,-83.932544
"Magnolia fraseri",36.121006,-82.08538
"Magnolia fraseri",36.126332,-81.861938
"Magnolia fraseri",35.157673,-82.76294
"Magnolia fraseri",39.100361,-79.52948
"Magnolia fraseri",36.391208,-80.264446
"Magnolia fraseri",35.967491,-81.117449
"Magnolia fraseri",35.680763,-83.557472
"Magnolia fraseri",34.988276,-83.286843
"Magnolia fraseri",35.085033,-82.606127
"Magnolia fraseri",35.087823,-82.940692
"Magnolia fraseri",34.976125,-83.300812
"Magnolia fraseri",35.308003,-82.775253
"Magnolia fraseri",35.085266,-82.581345
"Magnolia fraseri",35.578598,-83.374482
"Magnolia fraseri",35.980111,-81.922744
"Magnolia fraseri",38.17669,-80.336973
"Magnolia fraseri",35.575283,-83.733139
"Magnolia fraseri",34.967483,-83.110917
"Magnolia fraseri",35.10107,-82.943353
"Magnolia fraseri",36.148645,-81.807113
"Magnolia fraseri",35.806518,-82.346582
"Magnolia fraseri",35.237488,-82.516028
"Magnolia fraseri",35.982997,-82.766817
"Magnolia fraseri",35.35036,-82.777542
"Magnolia fraseri",34.930948,-84.012779
"Magnolia fraseri",35.885305,-82.799192
"Magnolia fraseri",35.17628,-83.58058
"Magnolia fraseri",34.921936,-83.409447
"Magnolia fraseri",35.550338,-83.871688
"Magnolia fraseri",36.146542,-81.66713
"Magnolia fraseri",35.980216,-81.922932
"Magnolia fraseri",34.874086,-83.574411
"Magnolia fraseri",36.425838,-81.592567
"Magnolia fraseri",35.238019,-82.514141
"Magnolia fraseri",36.068449,-81.842544
"Magnolia fraseri",35.118487,-83.026763
"Magnolia fraseri",38.162197,-80.59407
"Magnolia fraseri",38.177205,-80.336763
"Magnolia fraseri",35.165077,-83.028076
"Magnolia fraseri",36.433594,-81.382812
"Magnolia fraseri",35.961906,-82.556689
"Magnolia fraseri",37.086282,-82.771316
"Magnolia fraseri",34.936428,-82.879272
"Magnolia fraseri",35.273239,-82.444821
"Magnolia fraseri",35.603869,-83.932517
"Magnolia fraseri",34.819463,-83.264732
"Magnolia fraseri",35.039518,-83.460037
"Magnolia fraseri",35.083017,-83.613105
"Magnolia fraseri",36.154228,-81.702225
"Magnolia fraseri",36.594005,-81.814008
"Magnolia fraseri",38.72343,-79.712992
"Magnolia fraseri",34.763356,-83.933798
"Magnolia fraseri",34.672977,-82.823153
"Magnolia fraseri",36.232432,-81.680383
"Magnolia fraseri",38.182705,-80.251625
"Magnolia fraseri",35.201755,-83.824067
"Magnolia fraseri",35.706671,-83.158067
"Magnolia fraseri",35.100948,-82.943725
"Magnolia fraseri",36.2574,-82.116455
"Magnolia fraseri",37.09201,-81.24547
"Magnolia fraseri",36.170067,-82.098214
"Magnolia fraseri",36.128945,-81.770217
"Magnolia fraseri",38.184964,-80.269244
"Magnolia fraseri",35.608179,-83.938434
"Magnolia fraseri",38.910206,-79.760654
"Magnolia fraseri",36.816903,-82.621494
"Magnolia fraseri",36.118858,-81.832405
"Magnolia fraseri",35.056782,-83.51074
"Magnolia fraseri",35.213997,-82.99279
"Magnolia fraseri",35.485925,-82.628472
"Magnolia fraseri",38.326916,-80.439934
"Magnolia fraseri",36.397008,-80.28737
"Magnolia fraseri",35.055467,-83.185758
"Magnolia fraseri",35.657772,-82.297312
"Magnolia fraseri",35.812778,-82.272622
"Magnolia fraseri",35.283158,-82.783722
"Magnolia fraseri",35.142712,-82.741636
"Magnolia fraseri",38.047764,-81.059769
"Magnolia fraseri",36.201306,-82.418492
"Magnolia fraseri",36.311542,-82.117578
"Magnolia fraseri",35.202336,-82.622957
"Magnolia fraseri",37.105444,-81.196586
"Magnolia fraseri",35.109786,-82.609633
"Magnolia fraseri",36.87101,-80.298741
"Magnolia fraseri",37.290287,-82.301422
"Magnolia fraseri",35.674256,-83.485999
"Magnolia fraseri",35.342605,-82.750784
"Magnolia fraseri",38.911343,-79.752489
"Magnolia fraseri",35.609425,-81.657862
"Magnolia fraseri",35.745738,-83.216124
"Magnolia fraseri",35.604711,-83.869119
"Magnolia fraseri",35.704737,-82.191772
"Magnolia fraseri",35.310679,-83.191571
"Magnolia fraseri",35.947837,-81.926701
"Magnolia fraseri",38.250128,-80.43752
"Magnolia fraseri",36.098331,-81.796944
"Magnolia fraseri",35.670588,-83.577903
"Magnolia fraseri",36.199032,-81.79406
"Magnolia fraseri",35.278091,-82.799597
"Magnolia fraseri",35.040688,-82.725331
"Magnolia fraseri",35.08895,-82.955912
"Magnolia fraseri",35.818753,-82.147594
"Magnolia fraseri",35.64257,-82.306595
"Magnolia fraseri",35.360683,-82.778405
"Magnolia fraseri",34.742097,-83.922427
"Magnolia fraseri",35.544672,-82.370336
"Magnolia fraseri",35.260701,-82.714283
"Magnolia fraseri",35.774041,-82.162648
"Magnolia fraseri",36.049077,-82.562696
"Magnolia fraseri",34.693608,-83.410806
"Magnolia fraseri",36.919914,-82.627953
"Magnolia fraseri",35.087268,-82.580436
"Magnolia fraseri",35.825178,-82.937602
"Magnolia fraseri",36.010573,-82.784809
"Magnolia fraseri",35.007756,-84.268525
"Magnolia fraseri",35.686375,-83.396427
"Magnolia fraseri",35.678172,-83.454797
"Magnolia fraseri",36.128161,-81.682863
"Magnolia fraseri",36.861687,-82.0681
"Magnolia fraseri",34.710861,-83.72989
"Magnolia fraseri",35.631237,-82.508898
"Magnolia fraseri",35.734459,-83.454238
"Magnolia fraseri",36.085403,-81.881348
"Magnolia fraseri",35.10598,-82.97601
"Magnolia fraseri",35.604519,-82.244923
"Magnolia fraseri",35.204393,-82.490747
"Magnolia fraseri",35.601706,-83.367448
"Magnolia fraseri",35.494628,-82.613862
"Magnolia fraseri",35.956841,-81.927564
"Magnolia fraseri",36.229453,-81.902246
"Magnolia fraseri",38.215574,-80.855136
"Magnolia fraseri",35.676962,-83.453317
"Magnolia fraseri",35.264621,-82.491688
"Magnolia fraseri",35.050522,-83.190942
"Magnolia fraseri",35.105978,-82.627934
"Magnolia fraseri",35.112737,-82.887804
"Magnolia fraseri",35.710556,-83.681664
"Magnolia fraseri",36.164817,-82.08884
"Magnolia fraseri",35.570245,-83.436645
"Magnolia fraseri",35.812425,-82.075522
"Magnolia fraseri",38.605508,-79.845243
"Magnolia fraseri",36.884978,-81.518597
"Magnolia fraseri",35.672,-83.583288
"Magnolia fraseri",35.342816,-83.995066
"Magnolia fraseri",36.004403,-81.84185
"Magnolia fraseri",35.671635,-83.639473
"Magnolia fraseri",35.142169,-82.742562
"Magnolia fraseri",35.594117,-83.857
"Magnolia fraseri",35.296431,-82.779967
"Magnolia fraseri",35.757122,-83.27133
"Magnolia fraseri",34.722333,-83.679275
"Magnolia fraseri",36.131626,-81.901967
"Magnolia fraseri",36.381693,-81.278385
"Magnolia fraseri",36.381588,-81.036269
"Magnolia fraseri",36.061847,-81.876821
"Magnolia fraseri",36.121083,-82.085328
"Magnolia fraseri",35.966654,-81.118653
"Magnolia fraseri",35.968372,-81.116841
"Magnolia fraseri",35.203663,-82.622733
"Magnolia fraseri",35.059269,-83.186883
"Magnolia fraseri",34.737728,-83.391708
"Magnolia fraseri",36.124095,-81.824782
"Magnolia fraseri",36.189422,-81.845645
"Magnolia fraseri",38.120758,-81.118901
"Magnolia fraseri",36.096004,-81.811172
"Magnolia fraseri",35.458671,-82.75111
"Magnolia fraseri",36.873982,-80.297785
"Magnolia fraseri",36.391213,-80.275201
"Magnolia fraseri",35.353973,-82.777655
"Magnolia fraseri",35.27199,-82.455282
"Magnolia fraseri",35.704239,-83.347
"Magnolia fraseri",36.049011,-81.892822
"Magnolia fraseri",35.645996,-82.296537
"Magnolia fraseri",35.644346,-82.302897
"Magnolia fraseri",35.980256,-81.922897
"Magnolia fraseri",35.69511,-83.46559
"Magnolia fraseri",35.944938,-81.933167
"Magnolia fraseri",36.251225,-81.412368
"Magnolia fraseri",36.158845,-81.8144
"Magnolia fraseri",35.783538,-82.307678
"Magnolia fraseri",35.060015,-83.120926
"Magnolia fraseri",35.643646,-82.303299
"Magnolia fraseri",36.218445,-81.89275
"Magnolia fraseri",36.149378,-81.723167
"Magnolia fraseri",35.460073,-82.642784
"Magnolia fraseri",36.175739,-81.513521
"Magnolia fraseri",35.359827,-83.932358
"Magnolia fraseri",35.65992,-82.246887
"Magnolia fraseri",34.752858,-83.91668
"Magnolia fraseri",35.506961,-83.954735
"Magnolia fraseri",35.18998,-82.603453
"Magnolia fraseri",36.041558,-81.905867
"Magnolia fraseri",35.713195,-83.579128
"Magnolia fraseri",35.910238,-82.551972
"Magnolia fraseri",36.149089,-81.692863
"Magnolia fraseri",36.125258,-81.778156
"Magnolia fraseri",36.174458,-81.715742
"Magnolia fraseri",35.174649,-82.606402
"Magnolia fraseri",35.679293,-83.530168
"Magnolia fraseri",36.805958,-80.3372
"Magnolia fraseri",36.176231,-82.079046
"Magnolia fraseri",34.932178,-83.505791
"Magnolia fraseri",36.869512,-80.296921
"Magnolia fraseri",35.115086,-82.64045
"Magnolia fraseri",35.707292,-82.250622
"Magnolia fraseri",34.962362,-83.290087
"Magnolia fraseri",36.910073,-82.634326
"Magnolia fraseri",35.6169,-83.380918
"Magnolia fraseri",36.119423,-81.830927
"Magnolia fraseri",36.153483,-81.702132
"Magnolia fraseri",38.078357,-81.07659
"Magnolia fraseri",36.265192,-82.362387
"Magnolia fraseri",37.289281,-82.298796
"Magnolia fraseri",35.393294,-83.290742
"Magnolia fraseri",37.067402,-82.772064
"Magnolia fraseri",35.385735,-83.093063
"Magnolia fraseri",35.41506,-82.836914
"Magnolia fraseri",35.433128,-82.246435
"Magnolia fraseri",36.123458,-81.822555
"Magnolia fraseri",36.643972,-81.483939
"Magnolia fraseri",35.186884,-83.026536
"Magnolia fraseri",35.735225,-83.277367
"Magnolia fraseri",34.938867,-83.099154
"Magnolia fraseri",36.319233,-81.367839
"Magnolia fraseri",34.733534,-83.371528
"Magnolia fraseri",35.968297,-81.116452
"Magnolia fraseri",35.618423,-82.296799
"Magnolia fraseri",36.175346,-81.681244
"Magnolia fraseri",35.096692,-83.724951
"Magnolia fraseri",36.683366,-81.540302
"Magnolia fraseri",35.627861,-83.469469
"Magnolia fraseri",38.047539,-81.074814
"Magnolia fraseri",35.278212,-82.799658
"Magnolia fraseri",39.045747,-79.689637
"Magnolia fraseri",35.351832,-82.77167
"Magnolia fraseri",38.177662,-80.337737
"Magnolia fraseri",35.628815,-82.245804
"Magnolia fraseri",35.356612,-83.931888
"Magnolia fraseri",38.368259,-80.224534
"Magnolia fraseri",36.173552,-81.611998
"Magnolia fraseri",35.025223,-83.652427
"Magnolia fraseri",35.503212,-83.433997
"Magnolia fraseri",35.415328,-83.511353
"Magnolia fraseri",36.766244,-81.50937
"Magnolia fraseri",35.237538,-82.515614
"Magnolia fraseri",34.732972,-83.829637
"Magnolia fraseri",36.097991,-81.798446
"Magnolia fraseri",35.5819,-83.371006
"Magnolia fraseri",35.471847,-82.333855
"Magnolia fraseri",35.968201,-81.116095
"Magnolia fraseri",35.743381,-83.192421
"Magnolia fraseri",36.180077,-81.611311
"Magnolia fraseri",35.084697,-82.606042
"Magnolia fraseri",36.359563,-81.367242
"Magnolia fraseri",35.105611,-83.718825
"Magnolia fraseri",35.823351,-82.549079
"Magnolia fraseri",38.303703,-80.42447
"Magnolia fraseri",35.085109,-82.578567
"Magnolia fraseri",35.063575,-82.786063
"Magnolia fraseri",37.288456,-82.305531
"Magnolia fraseri",37.50808,-81.141686
"Magnolia fraseri",35.117292,-84.000712
"Magnolia fraseri",36.387286,-80.275679
"Magnolia fraseri",36.052442,-81.891474
"Magnolia fraseri",35.588126,-83.359595
"Magnolia fraseri",35.959329,-81.94289
"Magnolia fraseri",37.054699,-81.384702
"Magnolia fraseri",34.672898,-82.821828
"Magnolia fraseri",37.980975,-80.946866
"Magnolia fraseri",35.494097,-82.60978
"Magnolia fraseri",36.991689,-82.985167
"Magnolia fraseri",36.560262,-80.747742
"Magnolia fraseri",35.511357,-82.356178
"Magnolia fraseri",35.653266,-83.581814
"Magnolia fraseri",35.683674,-82.080445
"Magnolia fraseri",36.174545,-82.078408
"Magnolia fraseri",35.494327,-82.605854
"Magnolia fraseri",36.069264,-82.027389
"Magnolia fraseri",35.119622,-82.449945
"Magnolia fraseri",34.985338,-82.991547
"Magnolia fraseri",34.891088,-83.344422
"Magnolia fraseri",36.126919,-81.842758
"Magnolia fraseri",36.280899,-81.581124
"Magnolia fraseri",35.645632,-82.29789
"Magnolia fraseri",35.137335,-82.68628
"Magnolia fraseri",36.39879,-80.277769
"Magnolia fraseri",36.248327,-81.455684
"Magnolia fraseri",36.072975,-81.862145
"Magnolia fraseri",35.113012,-82.627259
"Magnolia fraseri",35.32929,-82.790562
"Magnolia fraseri",35.680313,-83.492195
"Magnolia fraseri",39.000713,-79.687693
"Magnolia fraseri",35.1009,-82.943695
"Magnolia fraseri",36.147213,-81.712017
"Magnolia fraseri",35.157158,-82.832038
"Magnolia fraseri",34.697022,-83.417808
"Magnolia fraseri",35.544882,-82.370005
"Magnolia fraseri",35.086389,-82.957413
"Magnolia fraseri",36.381096,-82.113136
"Magnolia fraseri",35.102058,-82.692612
"Magnolia fraseri",35.237651,-82.359016
"Magnolia fraseri",34.489383,-83.416244
"Magnolia fraseri",38.050541,-81.07525
"Magnolia fraseri",36.119955,-81.831582
"Magnolia fraseri",36.212237,-81.656864
"Magnolia fraseri",34.753402,-83.894558
"Magnolia fraseri",36.38928,-80.269105
"Magnolia fraseri",36.151125,-81.693088
"Magnolia fraseri",35.049164,-83.18515
"Magnolia fraseri",36.811798,-82.041565
"Magnolia fraseri",35.910516,-82.792116
"Magnolia fraseri",36.536521,-80.632345
"Magnolia fraseri",35.763005,-82.193795
"Magnolia fraseri",35.967327,-81.117599
"Magnolia fraseri",35.629828,-83.729935
"Magnolia fraseri",35.589641,-82.303934
"Magnolia fraseri",36.100088,-81.846069
"Magnolia fraseri",36.098756,-81.803392
"Magnolia fraseri",35.239181,-82.580279
"Magnolia fraseri",35.639107,-83.909589
"Magnolia fraseri",35.057575,-82.578997
"Magnolia fraseri",35.087281,-83.136486
"Magnolia fraseri",36.394828,-81.054078
"Magnolia fraseri",34.806533,-83.1168
"Magnolia fraseri",35.458447,-82.741372
"Magnolia fraseri",38.183558,-80.25281
"Magnolia fraseri",35.194857,-83.166275
"Magnolia fraseri",35.399048,-83.344824
"Magnolia fraseri",36.127781,-81.861572
"Magnolia fraseri",35.191163,-84.343859
"Magnolia fraseri",35.128364,-82.384842
"Magnolia fraseri",34.801697,-83.128899
"Magnolia fraseri",36.17125,-81.911445
"Magnolia fraseri",35.475474,-82.640667
"Magnolia fraseri",35.481404,-82.648564
"Magnolia fraseri",34.985395,-83.068557
"Magnolia fraseri",34.721333,-83.68155
"Magnolia fraseri",36.188012,-81.67716
"Magnolia fraseri",35.308096,-82.775023
"Magnolia fraseri",34.656132,-83.672269
"Magnolia fraseri",36.261528,-81.489838
"Magnolia fraseri",35.259307,-82.525463
"Magnolia fraseri",35.086174,-82.952766
"Magnolia fraseri",35.46365,-82.63403
"Magnolia fraseri",35.679019,-83.647188
"Magnolia fraseri",36.511962,-82.61642
"Magnolia fraseri",38.704087,-80.087617
"Magnolia fraseri",35.605835,-83.870552
"Magnolia fraseri",38.186566,-80.269338
"Magnolia fraseri",35.109833,-82.609597
"Magnolia fraseri",35.477699,-82.628864
"Magnolia fraseri",35.833012,-82.191383
"Magnolia fraseri",35.666542,-83.668838
"Magnolia fraseri",35.667619,-83.478794
"Magnolia fraseri",38.014782,-81.019836
"Magnolia fraseri",35.065578,-82.776757
"Magnolia fraseri",36.421692,-81.187758
"Magnolia fraseri",35.278855,-82.749437
"Magnolia fraseri",35.224862,-82.274903
"Magnolia fraseri",35.544502,-82.371071
"Magnolia fraseri",34.76242,-83.938628
"Magnolia fraseri",36.141981,-82.235791
"Magnolia fraseri",36.119697,-81.781472
"Magnolia fraseri",34.764987,-83.925463
"Magnolia fraseri",35.672917,-83.587822
"Magnolia fraseri",35.758087,-82.225555
"Magnolia fraseri",35.682094,-83.490822
"Magnolia fraseri",35.079232,-83.201433
"Magnolia fraseri",35.203683,-82.599881
"Magnolia fraseri",36.145481,-81.71251
"Magnolia fraseri",35.052892,-83.187967
"Magnolia fraseri",35.901853,-81.978058
"Magnolia fraseri",35.576026,-83.44054
"Magnolia fraseri",35.367297,-82.75097
"Magnolia fraseri",35.347512,-82.778305
"Magnolia fraseri",36.687999,-81.540567
"Magnolia fraseri",36.116261,-82.347427
"Magnolia fraseri",35.997933,-82.779787
"Magnolia fraseri",35.271318,-82.451435
"Magnolia fraseri",36.068402,-82.69533
"Magnolia fraseri",35.838678,-82.224878
"Magnolia fraseri",35.359661,-83.93261
"Magnolia fraseri",35.382217,-82.748526
"Magnolia fraseri",36.049233,-82.56298
"Magnolia fraseri",36.222425,-81.941646
"Magnolia fraseri",36.712868,-81.512691
"Magnolia fraseri",34.929859,-83.131706
"Magnolia fraseri",35.434544,-82.250976
"Magnolia fraseri",35.028256,-83.497564
"Magnolia fraseri",36.118871,-81.83138
"Magnolia fraseri",35.29472,-82.780595
"Magnolia fraseri",35.977133,-81.771562
"Magnolia fraseri",38.122395,-80.150629
"Magnolia fraseri",35.826967,-81.894617
"Magnolia fraseri",36.917163,-82.628442
"Magnolia fraseri",36.368618,-81.304939
"Magnolia fraseri",35.587226,-82.339718
"Magnolia fraseri",35.654076,-83.908074
"Magnolia fraseri",34.868793,-83.09595
"Magnolia fraseri",37.049208,-82.86995
"Magnolia fraseri",34.936408,-82.879258
"Magnolia fraseri",35.088775,-82.954589
"Magnolia fraseri",35.119913,-82.448813
"Magnolia fraseri",35.752732,-83.205622
"Magnolia fraseri",34.808298,-83.112727
"Magnolia fraseri",35.674608,-83.449843
"Magnolia fraseri",34.916117,-83.172814
"Magnolia fraseri",34.90824,-83.414038
"Magnolia fraseri",35.133442,-82.993112
"Magnolia fraseri",39.038658,-79.680978
"Magnolia fraseri",36.129945,-81.6824
"Magnolia fraseri",36.323319,-81.368169
"Magnolia fraseri",38.337445,-80.22998
"Magnolia fraseri",35.600194,-83.77259
"Magnolia fraseri",35.683556,-83.494023
"Magnolia fraseri",35.067168,-83.179656
"Magnolia fraseri",35.537145,-83.884742
"Magnolia fraseri",36.258032,-81.485827
"Magnolia fraseri",34.762036,-83.927761
"Magnolia fraseri",36.270295,-81.460761
"Magnolia fraseri",35.470682,-82.338717
"Magnolia fraseri",35.76066,-82.192039
"Magnolia fraseri",35.680358,-83.492133
"Magnolia fraseri",35.625233,-83.474795
"Magnolia fraseri",35.75646,-82.176604
"Magnolia fraseri",35.665296,-83.716635
"Magnolia fraseri",36.84695,-81.360183
"Magnolia fraseri",35.586211,-83.734218
"Magnolia fraseri",35.234061,-82.580217
"Magnolia fraseri",36.629268,-81.794789
"Magnolia fraseri",36.012006,-82.609003
"Magnolia fraseri",34.859111,-84.648831
"Magnolia fraseri",35.603005,-83.752288
"Magnolia fraseri",35.888695,-82.80583
"Magnolia fraseri",35.961513,-82.557352
"Magnolia fraseri",36.414997,-80.268827
"Magnolia fraseri",35.605063,-82.349088
"Magnolia fraseri",36.143307,-82.234437
"Magnolia fraseri",35.090908,-83.725291
"Magnolia fraseri",35.76468,-83.135403
"Magnolia fraseri",37.077127,-82.80593
"Magnolia fraseri",35.101343,-82.944712
"Magnolia fraseri",35.641156,-83.584126
"Magnolia fraseri",36.553947,-80.907464
"Magnolia fraseri",38.050869,-81.074991
"Magnolia fraseri",35.020019,-83.126655
"Magnolia fraseri",35.45464,-82.679095
"Magnolia fraseri",34.885086,-84.698925
"Magnolia fraseri",36.222178,-81.627044
"Magnolia fraseri",36.027265,-82.423578
"Magnolia fraseri",35.249564,-82.729382
"Magnolia fraseri",34.985137,-83.070525
"Magnolia fraseri",36.212238,-81.689461
"Magnolia fraseri",36.890583,-82.785858
"Magnolia fraseri",35.742894,-83.223431
"Magnolia fraseri",35.051085,-82.623733
"Magnolia fraseri",35.17485,-82.635628
"Magnolia fraseri",36.196732,-81.591435
"Magnolia fraseri",35.034062,-82.707848
"Magnolia fraseri",35.324081,-82.82637
"Magnolia fraseri",35.601735,-82.334168
"Magnolia fraseri",38.133381,-80.246338
"Magnolia fraseri",35.505962,-82.29982
"Magnolia fraseri",34.746889,-83.40372
"Magnolia fraseri",35.926475,-81.912437
"Magnolia fraseri",35.385789,-83.09308
"Magnolia fraseri",38.048778,-81.071531
"Magnolia fraseri",36.049053,-81.892983
"Magnolia fraseri",34.844895,-83.587746
"Magnolia fraseri",35.658342,-83.520041
"Magnolia fraseri",37.99807,-80.954426
"Magnolia fraseri",35.164916,-83.03306
"Magnolia fraseri",35.67905,-83.529392
"Magnolia fraseri",34.761375,-84.067875
"Magnolia fraseri",36.16853,-81.467545
"Magnolia fraseri",36.441285,-81.768915
"Magnolia fraseri",36.472948,-80.851066
"Magnolia fraseri",35.678652,-83.459364
"Magnolia fraseri",36.210387,-81.691644
"Magnolia fraseri",34.765263,-83.929313
"Magnolia fraseri",34.972948,-83.110472
"Magnolia fraseri",35.018146,-82.997489
"Magnolia fraseri",36.359478,-81.366875
"Magnolia fraseri",36.124808,-82.529847
"Magnolia fraseri",36.126534,-81.822266
"Magnolia fraseri",36.153561,-81.586013
"Magnolia fraseri",35.36147,-83.921945
"Magnolia fraseri",36.86275,-83.372437
"Magnolia fraseri",35.203118,-82.623819
"Magnolia fraseri",35.88705,-82.799172
"Magnolia fraseri",36.149766,-81.734231
"Magnolia fraseri",35.056662,-82.935845
"Magnolia fraseri",35.75662,-83.23783
"Magnolia fraseri",34.738048,-83.391458
"Magnolia fraseri",35.174153,-82.635658
"Magnolia fraseri",36.778705,-80.383545
"Magnolia fraseri",35.613422,-83.728937
"Magnolia fraseri",35.642166,-82.29396
"Magnolia fraseri",36.020341,-82.609414
"Magnolia fraseri",35.792523,-82.957694
"Magnolia fraseri",35.812667,-82.175475
"Magnolia fraseri",36.688334,-81.539298
"Magnolia fraseri",39.100375,-79.528481
"Magnolia fraseri",38.327761,-80.332453
"Magnolia fraseri",35.663209,-83.528611
"Magnolia fraseri",36.122575,-81.825424
"Magnolia fraseri",35.682362,-83.492508
"Magnolia fraseri",36.158372,-81.731362
"Magnolia fraseri",35.96681,-81.118653
"Magnolia fraseri",35.859262,-81.900545
"Magnolia fraseri",36.103927,-81.783957
"Magnolia fraseri",35.084966,-82.949736
"Magnolia fraseri",38.048022,-81.074077
"Magnolia fraseri",35.267989,-83.338331
"Magnolia fraseri",35.496787,-82.606412
"Magnolia fraseri",36.254581,-81.456209
"Magnolia fraseri",36.455782,-81.03433
"Magnolia fraseri",35.777862,-83.499893
"Magnolia fraseri",34.806505,-83.117354
"Magnolia fraseri",35.329143,-83.887089
"Magnolia fraseri",36.116855,-81.782223
"Magnolia fraseri",38.23468,-80.707415
"Magnolia fraseri",35.434458,-82.251145
"Magnolia fraseri",37.980979,-80.946229
"Magnolia fraseri",35.951202,-81.928314
"Magnolia fraseri",36.707809,-81.620677
"Magnolia fraseri",36.215913,-81.913022
"Magnolia fraseri",35.471378,-83.566772
"Magnolia fraseri",36.143064,-81.715857
"Magnolia fraseri",36.395789,-80.269217
"Magnolia fraseri",36.11797,-81.789245
"Magnolia fraseri",36.836508,-80.341461
"Magnolia fraseri",35.571013,-83.847892
"Magnolia fraseri",36.098487,-81.797133
"Magnolia fraseri",34.816363,-83.246354
"Magnolia fraseri",35.67115,-83.577538
"Magnolia fraseri",35.614011,-83.386001
"Magnolia fraseri",35.138883,-82.713855
"Magnolia fraseri",36.75,-80.405
"Magnolia fraseri",35.991813,-81.980683
"Magnolia fraseri",38.912397,-79.750962
"Magnolia fraseri",36.08332,-81.74427
"Magnolia fraseri",35.119611,-82.449014
"Magnolia fraseri",34.887388,-83.34188
"Magnolia fraseri",35.161133,-83.074524
"Magnolia fraseri",36.13001,-81.226832
"Magnolia fraseri",35.59426,-83.841848
"Magnolia fraseri",35.274429,-82.709433
"Magnolia fraseri",35.588378,-83.808663
"Magnolia fraseri",35.997286,-81.758703
"Magnolia fraseri",36.302053,-81.659156
"Magnolia fraseri",35.889545,-81.885272
"Magnolia fraseri",36.06817,-81.842834
"Magnolia fraseri",35.076808,-84.474647
"Magnolia fraseri",35.266234,-82.448119
"Magnolia fraseri",37.831698,-81.063346
"Magnolia fraseri",34.777087,-83.973271
"Magnolia fraseri",35.433837,-82.257842
"Magnolia fraseri",35.192865,-82.490396
"Magnolia fraseri",38.132466,-81.147327
"Magnolia fraseri",36.711437,-81.682341
"Magnolia fraseri",35.143682,-82.918811
"Magnolia fraseri",36.638347,-81.773963
"Magnolia fraseri",36.052442,-81.891555
"Magnolia fraseri",35.58985,-83.399842
"Magnolia fraseri",35.765029,-82.063879
"Magnolia fraseri",35.203841,-82.24009
"Magnolia fraseri",35.101586,-83.006072
"Magnolia fraseri",35.379529,-83.665221
"Magnolia fraseri",36.686325,-81.54342
"Magnolia fraseri",36.491819,-81.517054
"Magnolia fraseri",35.083613,-83.13753
"Magnolia fraseri",36.173621,-81.510711
"Magnolia fraseri",36.19763,-81.704917
"Magnolia fraseri",35.137967,-82.695531
"Magnolia fraseri",35.146431,-83.548227
"Magnolia fraseri",36.660422,-81.587108
"Magnolia fraseri",36.165008,-81.551492
"Magnolia fraseri",35.60095,-82.554016
"Magnolia fraseri",35.13808,-82.74538
"Magnolia fraseri",35.316667,-84.625
"Magnolia fraseri",36.587859,-84.126874
"Magnolia fraseri",37.289238,-82.30937
"Magnolia fraseri",36.000968,-81.003767
"Magnolia fraseri",35.726214,-83.02668
"Magnolia fraseri",35.44111,-83.92722
"Magnolia fraseri",34.996485,-83.102094
"Magnolia fraseri",35.911006,-82.792642
"Magnolia fraseri",35.72936,-83.459729
"Magnolia fraseri",35.598342,-83.770833
"Magnolia fraseri",35.75272,-82.356028
"Magnolia fraseri",35.324497,-84.035575
"Magnolia fraseri",35.730515,-83.81991
"Magnolia fraseri",34.73065,-83.394332
"Magnolia fraseri",36.38235,-81.63892
"Magnolia fraseri",35.211447,-82.608028
"Magnolia fraseri",36.075352,-81.834941
"Magnolia fraseri",36.11891,-81.832909
